frame,x1,y1,x2,y2,confidence,class_id
1,1338.4752197265625,417.8789978027344,1501.4896240234375,776.4918823242188,0.8093401193618774,0
1,584.16162109375,443.37579345703125,675.924560546875,708.0620727539062,0.762955367565155,0
1,439.9931335449219,445.8831481933594,552.197509765625,719.30078125,0.6760335564613342,0
1,1455.1343994140625,432.6265869140625,1596.5709228515625,765.307861328125,0.6425831913948059,0
1,730.9029541015625,456.72576904296875,766.8681640625,568.1266479492188,0.5624940991401672,0
1,916.8248901367188,431.5258483886719,976.4332275390625,586.3106689453125,0.3894088864326477,0
1,475.11065673828125,449.80645751953125,552.8384399414062,717.1022338867188,0.26968100666999817,0
1,544.892578125,451.8311462402344,582.5599365234375,554.5895385742188,0.23585215210914612,0
1,686.4962768554688,450.37567138671875,735.1642456054688,586.710693359375,0.23058703541755676,0
1,1256.4359130859375,437.2327880859375,1293.5850830078125,543.8453979492188,0.2305421233177185,0
1,1854.24169921875,393.5168151855469,1919.401611328125,654.2174072265625,0.19268366694450378,0
1,934.0291137695312,435.12847900390625,971.9301147460938,513.9920043945312,0.1909792572259903,0
1,1084.369140625,455.64349365234375,1131.8294677734375,591.02490234375,0.18322975933551788,0
1,806.6651000976562,469.6809997558594,835.06201171875,549.9653930664062,0.182876855134964,0
1,1100.331298828125,453.14666748046875,1133.1866455078125,562.8427734375,0.16421087086200714,0
1,1670.970703125,430.2750549316406,1727.900390625,587.6144409179688,0.15994375944137573,0
1,693.169921875,452.5406799316406,732.9514770507812,554.510009765625,0.1508624404668808,0
1,1303.634033203125,418.4378356933594,1347.317138671875,545.9559326171875,0.14978593587875366,0
1,1833.3636474609375,444.1640625,1918.8497314453125,651.4202880859375,0.139693483710289,0
1,834.2128295898438,465.5240783691406,875.3359375,547.9610595703125,0.12354172766208649,0
1,1831.0345458984375,465.8141784667969,1895.8377685546875,652.0265502929688,0.11786854267120361,0
1,1717.6787109375,442.32275390625,1782.387451171875,583.9443969726562,0.11731383949518204,0
1,852.2583618164062,460.3517761230469,883.4485473632812,547.0856323242188,0.11603743582963943,0
1,1895.4573974609375,439.9417419433594,1919.355224609375,639.3285522460938,0.11247219145298004,0
1,1363.4144287109375,428.0618896484375,1399.11181640625,485.2867431640625,0.10545449703931808,0
1,675.4277954101562,451.1092529296875,734.105224609375,605.3536376953125,0.10523347556591034,0
1,1016.4708251953125,452.5741882324219,1057.6021728515625,528.3091430664062,0.0986311137676239,0
1,811.5901489257812,471.70068359375,840.8223876953125,549.8274536132812,0.09632126241922379,0
1,878.3201293945312,448.5365295410156,909.0657348632812,545.220703125,0.09479289501905441,0
1,968.974609375,442.49871826171875,1013.8431396484375,527.0567016601562,0.0931243896484375,0
1,969.923583984375,438.62713623046875,1005.949951171875,515.4814453125,0.07183212786912918,0
1,1672.325439453125,422.14892578125,1786.68798828125,586.9821166992188,0.07105355709791183,0
1,717.0305786132812,452.5465393066406,744.3103637695312,569.3333740234375,0.07097336649894714,0
1,662.99951171875,453.1467590332031,696.1053466796875,537.3378295898438,0.06757604330778122,0
1,1674.1424560546875,433.5674743652344,1759.4439697265625,585.6405029296875,0.06710194051265717,0
1,1019.3795166015625,471.1142883300781,1056.8919677734375,528.5249633789062,0.06555215269327164,0
1,1854.01025390625,480.49969482421875,1918.0462646484375,655.2258911132812,0.06220610812306404,0
1,411.5477600097656,464.8902587890625,441.8451232910156,523.1229858398438,0.060114044696092606,0
1,826.2086791992188,467.9658508300781,859.9844970703125,550.5388793945312,0.05975782126188278,0
1,944.4034423828125,438.5129699707031,978.42626953125,519.0872192382812,0.0570586733520031,0
1,1853.886474609375,516.6229858398438,1909.4501953125,655.2982177734375,0.05639886111021042,0
1,647.0050048828125,452.37103271484375,680.3713989257812,516.476806640625,0.051358841359615326,0
1,883.1159057617188,440.41278076171875,908.8623657226562,498.80291748046875,0.05114568769931793,0
1,956.0545043945312,443.3016357421875,977.636962890625,518.3079223632812,0.04965014010667801,0
1,963.72216796875,448.5912780761719,1021.2352294921875,585.5315551757812,0.04684783145785332,0
1,405.3146667480469,475.4979248046875,439.8121032714844,529.2822265625,0.0464506559073925,0
1,1070.7777099609375,460.7164306640625,1116.6019287109375,589.253173828125,0.04581056907773018,0
1,1072.03662109375,473.41204833984375,1128.4830322265625,593.284423828125,0.04486251249909401,0
1,1875.8529052734375,389.806640625,1919.0467529296875,643.7896728515625,0.043876804411411285,0
1,1437.1497802734375,482.4739685058594,1506.605712890625,681.0831298828125,0.04353957623243332,0
1,1010.697509765625,417.2446594238281,1061.7935791015625,529.3260498046875,0.04316281899809837,0
1,1891.1524658203125,423.2784118652344,1919.3616943359375,597.0593872070312,0.040814101696014404,0
1,1532.05517578125,434.47247314453125,1567.4000244140625,503.17987060546875,0.039236363023519516,0
1,770.7074584960938,461.7712097167969,793.233642578125,499.6943664550781,0.038057953119277954,0
1,1062.87939453125,453.16473388671875,1092.2447509765625,530.5008544921875,0.03718853369355202,0
1,586.1419067382812,441.7734375,615.22216796875,483.38433837890625,0.03696229308843613,0
1,1526.0870361328125,435.22296142578125,1582.7578125,536.9943237304688,0.03578249737620354,0
1,964.5181274414062,443.6986083984375,987.059326171875,528.0584106445312,0.03376149386167526,0
1,528.0377197265625,453.182373046875,561.9906005859375,556.6543579101562,0.033298321068286896,0
1,1465.5689697265625,435.69818115234375,1549.3250732421875,554.99853515625,0.03316143527626991,0
1,659.791259765625,452.0536193847656,707.04931640625,540.3366088867188,0.03163547441363335,0
1,665.3511962890625,451.8017883300781,694.7514038085938,488.10546875,0.031124498695135117,0
1,802.5514526367188,461.0750427246094,830.4288940429688,508.4213562011719,0.03097563050687313,0
1,962.789794921875,497.1273193359375,1021.7003173828125,586.6153564453125,0.02956177107989788,0
1,1068.7818603515625,454.2275390625,1093.946044921875,514.4000244140625,0.02954537235200405,0
1,1354.954345703125,428.17034912109375,1402.42529296875,515.091796875,0.028994493186473846,0
1,585.114990234375,445.6182861328125,674.7500610351562,592.2316284179688,0.028857581317424774,0
1,420.9065856933594,457.3955383300781,453.5926513671875,523.3694458007812,0.028444914147257805,0
1,658.6494140625,449.7450256347656,734.0377807617188,584.6180419921875,0.027546053752303123,0
1,1882.9039306640625,391.3512268066406,1919.2979736328125,500.1720886230469,0.026909343898296356,0
1,914.7383422851562,475.6844787597656,976.1453247070312,588.589111328125,0.026139747351408005,0
1,1067.3526611328125,439.8359375,1095.0667724609375,523.99853515625,0.02590569667518139,0
1,1256.771240234375,418.42291259765625,1310.63818359375,546.2005004882812,0.02503572590649128,0
1,1002.333984375,423.36029052734375,1053.9217529296875,524.9014282226562,0.024974100291728973,0
1,804.9977416992188,473.2841491699219,828.2748413085938,547.3746337890625,0.02480761706829071,0
1,423.2965393066406,454.2085876464844,499.6885986328125,618.5722045898438,0.023904956877231598,0
1,424.4725646972656,479.2343444824219,451.3199462890625,530.037109375,0.023323174566030502,0
1,1730.6158447265625,444.76678466796875,1777.8651123046875,512.0120849609375,0.023194212466478348,0
1,1347.63232421875,429.7072448730469,1405.8709716796875,535.6436157226562,0.023124245926737785,0
1,440.5718078613281,453.43463134765625,500.5793151855469,547.4688110351562,0.022774847224354744,0
1,362.30621337890625,497.032470703125,427.9324951171875,565.5186767578125,0.022304698824882507,0
1,1057.4619140625,428.1481018066406,1080.2530517578125,485.85626220703125,0.022286996245384216,0
1,1873.349853515625,388.69866943359375,1918.65673828125,512.0011596679688,0.022109556943178177,0
1,640.6989135742188,452.1676025390625,677.6414794921875,540.7935791015625,0.019166946411132812,0
1,438.4327697753906,445.6377868652344,525.4883422851562,674.559326171875,0.019037261605262756,0
1,1071.28466796875,438.26531982421875,1091.635986328125,495.5127868652344,0.01886484958231449,0
1,1877.827880859375,389.78887939453125,1919.297607421875,475.6497802734375,0.01854255422949791,0
1,1056.7896728515625,480.52386474609375,1091.019775390625,531.3577880859375,0.018448470160365105,0
1,700.1973266601562,477.61431884765625,732.5520629882812,601.6019897460938,0.018321523442864418,0
1,430.7304382324219,447.3199768066406,548.19677734375,632.720458984375,0.017930254340171814,0
1,1460.1240234375,432.1293640136719,1575.5841064453125,627.3139038085938,0.01776115596294403,0
1,1714.1063232421875,440.58233642578125,1775.5740966796875,512.3287353515625,0.01765388809144497,0
1,443.21209716796875,443.2411193847656,523.7080078125,548.093505859375,0.017004938796162605,0
1,704.6131591796875,447.9440002441406,740.7156982421875,562.4209594726562,0.016131721436977386,0
1,874.8684692382812,484.62872314453125,906.66015625,549.2286987304688,0.015619201585650444,0
1,915.2814331054688,442.9150085449219,948.0955810546875,584.3297119140625,0.015611476264894009,0
1,1880.96630859375,486.6199035644531,1919.353271484375,652.8148193359375,0.01509797666221857,0
1,1857.2083740234375,397.05413818359375,1919.1683349609375,583.9129028320312,0.014935211278498173,0
1,963.8818359375,512.0931396484375,1044.66796875,586.6524047851562,0.014696188271045685,0
1,1823.142333984375,480.6005859375,1886.244140625,638.0304565429688,0.014039560221135616,0
1,1676.39794921875,435.2952575683594,1779.8016357421875,635.075927734375,0.013762343674898148,0
1,634.3565673828125,459.793212890625,679.849853515625,578.07080078125,0.01344707328826189,0
1,583.7551879882812,449.6921081542969,615.3279418945312,527.5983276367188,0.013349374756217003,0
1,521.6760864257812,476.28240966796875,561.2171630859375,627.7003784179688,0.013240366242825985,0
1,1844.599365234375,468.42218017578125,1884.517822265625,539.6048583984375,0.012928381562232971,0
1,1116.7745361328125,461.0790710449219,1141.9822998046875,547.7445068359375,0.012127970345318317,0
1,1120.7052001953125,460.3518981933594,1146.453857421875,545.3102416992188,0.011940794996917248,0
1,916.24951171875,507.58538818359375,975.0791015625,587.5045166015625,0.011073569767177105,0
1,311.0297546386719,453.09796142578125,355.79638671875,567.39111328125,0.010682947933673859,0
1,1163.0732421875,434.930908203125,1191.543212890625,522.7963256835938,0.010418190620839596,0
1,1052.529052734375,420.5635070800781,1077.922607421875,462.017578125,0.010342980735003948,0
1,902.7918090820312,436.7856750488281,951.1060180664062,563.0613403320312,0.010150638408958912,0
2,1343.3519287109375,417.5592041015625,1503.29345703125,776.8042602539062,0.8313323259353638,0
2,584.5296630859375,442.8421325683594,676.91845703125,706.9494018554688,0.7655933499336243,0
2,437.2665100097656,445.19476318359375,554.759521484375,719.5880737304688,0.690133810043335,0
2,1451.630126953125,437.5150451660156,1599.08935546875,769.0823974609375,0.6725571751594543,0
2,731.5156860351562,457.3688049316406,767.8656005859375,567.4786987304688,0.5322444438934326,0
2,916.2599487304688,432.2750549316406,976.5034790039062,586.8802490234375,0.39989984035491943,0
2,478.7621154785156,451.030517578125,553.4852294921875,717.5863647460938,0.23935161530971527,0
2,933.4266967773438,434.743408203125,972.262451171875,517.3848266601562,0.20144915580749512,0
2,1089.78955078125,453.1856689453125,1133.1650390625,579.0838623046875,0.19707348942756653,0
2,545.0161743164062,447.8290100097656,583.0057983398438,554.7914428710938,0.19238030910491943,0
2,806.034912109375,471.12542724609375,835.0941162109375,548.6159057617188,0.1869024932384491,0
2,1256.5743408203125,431.1808776855469,1295.29052734375,544.9219360351562,0.18610921502113342,0
2,1100.4071044921875,453.68768310546875,1133.756103515625,564.1964111328125,0.18375399708747864,0
2,689.657470703125,451.9735412597656,737.0973510742188,588.6371459960938,0.16654999554157257,0
2,1851.5826416015625,406.8960876464844,1919.3822021484375,654.0504760742188,0.16546376049518585,0
2,1672.0540771484375,430.8265686035156,1729.5396728515625,587.9423828125,0.15941666066646576,0
2,1716.63623046875,443.2599792480469,1783.55908203125,585.1580810546875,0.15352295339107513,0
2,1081.624267578125,460.00927734375,1130.5653076171875,593.3164672851562,0.15210092067718506,0
2,1831.3681640625,466.8910217285156,1898.90185546875,652.5956420898438,0.14759032428264618,0
2,878.0473022460938,449.2918701171875,910.3775024414062,545.6339111328125,0.12687362730503082,0
2,834.6458740234375,464.3740539550781,875.3795166015625,547.6041870117188,0.12360510975122452,0
2,1303.9610595703125,417.0086975097656,1347.744873046875,546.5257568359375,0.12308650463819504,0
2,849.945556640625,459.96881103515625,882.4844970703125,547.7206420898438,0.12261109799146652,0
2,971.4375,440.039794921875,1012.9385375976562,521.6614990234375,0.11933164298534393,0
2,692.865234375,452.78082275390625,734.1723022460938,547.4445190429688,0.11220044642686844,0
2,1896.85400390625,444.7973327636719,1919.351806640625,638.967041015625,0.11008325219154358,0
2,1017.3051147460938,457.070068359375,1056.6015625,528.55810546875,0.10992686450481415,0
2,972.0228881835938,438.37969970703125,1004.9558715820312,504.96875,0.09560708701610565,0
2,1872.2047119140625,394.3946533203125,1919.4385986328125,649.3626708984375,0.09333638846874237,0
2,1020.077880859375,476.975830078125,1054.119873046875,528.7181396484375,0.0844724029302597,0
2,536.7281494140625,443.07220458984375,578.7883911132812,545.4848022460938,0.08344686031341553,0
2,1674.1175537109375,434.3240051269531,1751.7908935546875,585.6058959960938,0.0701572597026825,0
2,1853.1943359375,482.7409973144531,1917.676025390625,655.4458618164062,0.06452597677707672,0
2,717.4212036132812,453.9308166503906,756.4488525390625,571.610107421875,0.06240278109908104,0
2,883.2108764648438,441.32171630859375,909.6384887695312,498.62603759765625,0.06104680895805359,0
2,825.8671875,468.0684814453125,858.1660766601562,549.4015502929688,0.059340886771678925,0
2,658.8567504882812,452.7190246582031,696.470458984375,536.76513671875,0.058716781437397,0
2,411.8108825683594,465.3802185058594,443.1728210449219,520.1840209960938,0.05800171568989754,0
2,1673.3419189453125,418.8135986328125,1788.0439453125,586.4686279296875,0.05252514034509659,0
2,956.2970581054688,443.6864318847656,977.8401489257812,516.756103515625,0.051423002034425735,0
2,1011.4729614257812,417.7905578613281,1060.388427734375,529.5462036132812,0.05138012766838074,0
2,945.5358276367188,438.4657287597656,981.997802734375,519.03173828125,0.04609997570514679,0
2,1065.41015625,445.6760559082031,1093.9346923828125,521.3233032226562,0.04337792471051216,0
2,1258.54150390625,444.71868896484375,1289.154541015625,543.5652465820312,0.04290320351719856,0
2,1060.481201171875,454.5782775878906,1092.5938720703125,532.7772827148438,0.04225913807749748,0
2,405.6059265136719,477.28912353515625,441.7707214355469,529.5382690429688,0.04134276136755943,0
2,647.736328125,452.8472900390625,680.196533203125,517.6512451171875,0.0408417172729969,0
2,771.866455078125,461.9045104980469,793.5523681640625,500.7951965332031,0.0399082750082016,0
2,1892.0941162109375,424.2953796386719,1919.2933349609375,550.7697143554688,0.0394771471619606,0
2,1003.2178344726562,423.5876159667969,1053.941162109375,524.1080322265625,0.03732459247112274,0
2,702.1559448242188,474.7619934082031,734.4881591796875,601.5679931640625,0.03679057955741882,0
2,530.2263793945312,455.2525634765625,560.9312744140625,555.2411499023438,0.03565968945622444,0
2,586.5034790039062,440.37921142578125,614.4647827148438,485.7799377441406,0.034733809530735016,0
2,954.9929809570312,440.5089111328125,983.0943603515625,525.3281860351562,0.03416816517710686,0
2,675.38818359375,482.40447998046875,733.7177124023438,605.94189453125,0.033553335815668106,0
2,666.70068359375,454.878662109375,741.1294555664062,581.7136840820312,0.03128775954246521,0
2,1538.873291015625,435.78143310546875,1565.92822265625,490.4429931640625,0.031006131321191788,0
2,1058.1207275390625,428.14208984375,1083.80712890625,490.2576904296875,0.030521374195814133,0
2,667.5911254882812,506.1180725097656,728.5292358398438,636.6914672851562,0.02986655756831169,0
2,421.31170654296875,456.9714660644531,453.571044921875,521.2310180664062,0.028062663972377777,0
2,1255.9482421875,416.9555969238281,1311.6614990234375,546.80126953125,0.02784847654402256,0
2,352.4636535644531,499.9386291503906,427.0663146972656,566.575439453125,0.02689235657453537,0
2,875.1405639648438,484.6197509765625,907.02490234375,548.9644775390625,0.02635301649570465,0
2,1055.8115234375,479.9742736816406,1090.8663330078125,531.5184326171875,0.026188651099801064,0
2,584.6239624023438,437.93280029296875,611.883056640625,478.5413818359375,0.025837967172265053,0
2,960.7933959960938,509.10589599609375,1026.373291015625,584.9512939453125,0.02575972117483616,0
2,1365.7225341796875,423.14300537109375,1401.693359375,490.49688720703125,0.025710130110383034,0
2,657.5810546875,451.52490234375,695.4485473632812,503.99322509765625,0.025550320744514465,0
2,805.0599975585938,474.6793212890625,828.5722045898438,545.751708984375,0.02538958191871643,0
2,1885.97509765625,398.6547546386719,1919.3101806640625,500.4273376464844,0.024414217099547386,0
2,961.3485717773438,451.02001953125,1022.0707397460938,585.880859375,0.02432289533317089,0
2,439.5662841796875,450.2333679199219,499.3157958984375,557.92919921875,0.023833995684981346,0
2,433.92828369140625,454.19146728515625,496.90045166015625,586.06005859375,0.02358342334628105,0
2,1472.942626953125,438.1745910644531,1557.3941650390625,555.7222290039062,0.022197669371962547,0
2,1071.2769775390625,437.9847412109375,1091.8128662109375,493.37249755859375,0.020616285502910614,0
2,423.3266906738281,475.9325866699219,452.2410583496094,530.3427124023438,0.020270412787795067,0
2,801.2711791992188,461.7234191894531,832.0859985351562,513.2461547851562,0.019414309412240982,0
2,1729.833984375,445.48974609375,1778.854248046875,513.5068359375,0.019296694546937943,0
2,641.33154296875,454.6424560546875,678.6508178710938,548.2681884765625,0.017449334263801575,0
2,434.0450134277344,446.3147277832031,552.0132446289062,631.8135375976562,0.01697646640241146,0
2,584.9844360351562,445.98504638671875,675.7366333007812,581.183349609375,0.016881326213479042,0
2,648.494873046875,450.0843200683594,685.6246337890625,491.7071228027344,0.016296062618494034,0
2,1119.1796875,459.0055847167969,1147.247314453125,545.8528442382812,0.01625560037791729,0
2,1742.8538818359375,461.857177734375,1792.7274169921875,578.7636108398438,0.015799924731254578,0
2,1846.2235107421875,469.3151550292969,1884.3299560546875,536.7515258789062,0.015415227971971035,0
2,1111.9512939453125,453.3059997558594,1143.0653076171875,547.1041259765625,0.015166305005550385,0
2,1874.6092529296875,392.1291809082031,1918.5802001953125,503.6775817871094,0.014854065142571926,0
2,1156.6004638671875,436.92132568359375,1189.0445556640625,523.9647216796875,0.014645752497017384,0
2,915.5313720703125,443.88043212890625,949.08984375,578.0802612304688,0.01464550569653511,0
2,438.7555847167969,445.7559814453125,526.8302001953125,616.3967895507812,0.014566094614565372,0
2,1677.186767578125,436.8154296875,1781.6737060546875,634.44482421875,0.01446238998323679,0
2,442.81439208984375,442.91064453125,524.8355712890625,551.1671752929688,0.014390029013156891,0
2,1054.6202392578125,421.7956237792969,1078.56787109375,462.8266296386719,0.014339274726808071,0
2,917.631103515625,512.00244140625,976.4464111328125,587.8020629882812,0.01419652346521616,0
2,1880.6396484375,392.4935607910156,1919.325439453125,476.7868957519531,0.013917271047830582,0
2,410.81707763671875,445.5289306640625,442.4490966796875,521.4488525390625,0.013855383731424809,0
2,521.5811157226562,486.4333190917969,559.9279174804688,632.1846923828125,0.01376564521342516,0
2,1822.8717041015625,479.47467041015625,1885.2791748046875,638.8899536132812,0.013250138610601425,0
2,1534.976806640625,438.6507873535156,1574.570068359375,517.3150634765625,0.01307371910661459,0
2,657.7885131835938,466.7252197265625,732.3358154296875,652.2866821289062,0.012082068249583244,0
2,1468.987548828125,455.09820556640625,1590.427490234375,638.857177734375,0.01203025970607996,0
2,545.671630859375,477.2144470214844,578.6434326171875,558.01611328125,0.011869478970766068,0
2,583.7483520507812,448.9838562011719,615.1990966796875,524.65380859375,0.011823729611933231,0
2,909.59130859375,438.2370300292969,956.175537109375,559.0926513671875,0.011081990785896778,0
2,1045.9713134765625,491.3733215332031,1090.4095458984375,565.027099609375,0.010730181820690632,0
2,313.3341369628906,448.50982666015625,357.12994384765625,566.1751098632812,0.010346059687435627,0
2,709.130859375,447.986328125,733.4364624023438,497.175048828125,0.010307463817298412,0
2,1288.5179443359375,417.4079895019531,1345.2828369140625,546.5574951171875,0.010173498652875423,0
2,467.9532165527344,509.6384582519531,539.9458618164062,721.2347412109375,0.010044707916676998,0
3,1343.5162353515625,424.935791015625,1523.7340087890625,792.6495361328125,0.8357627391815186,0
3,584.4105834960938,443.1000671386719,678.2755737304688,706.6184692382812,0.7561243176460266,0
3,1470.4879150390625,442.614990234375,1606.53271484375,768.42919921875,0.732530951499939,0
3,437.2275695800781,443.3497009277344,555.1688842773438,720.1964721679688,0.6978814005851746,0
3,731.1769409179688,460.9674987792969,768.1190185546875,566.8414306640625,0.5315166711807251,0
3,915.8142700195312,432.7569580078125,976.9187622070312,586.4760131835938,0.4032946527004242,0
3,1257.0380859375,427.364501953125,1295.7799072265625,545.6731567382812,0.21945078670978546,0
3,1092.1497802734375,450.56378173828125,1134.0653076171875,589.5010986328125,0.20933455228805542,0
3,546.50244140625,444.0596923828125,583.767333984375,554.107177734375,0.1932467520236969,0
3,1305.295166015625,417.7094421386719,1347.5972900390625,547.58203125,0.1852855682373047,0
3,933.0397338867188,436.1474609375,970.3756713867188,516.116943359375,0.18408751487731934,0
3,805.2476806640625,470.73284912109375,832.745361328125,547.3892211914062,0.17525407671928406,0
3,690.70458984375,453.66741943359375,736.0316162109375,578.8489990234375,0.1707707792520523,0
3,966.421875,438.64471435546875,1018.572509765625,573.6617431640625,0.1548362672328949,0
3,1857.1116943359375,404.4540710449219,1919.3968505859375,652.6959838867188,0.15226450562477112,0
3,1016.931396484375,448.4900207519531,1056.4229736328125,528.2023315429688,0.1481086164712906,0
3,1830.825927734375,472.2199401855469,1896.160888671875,651.0238647460938,0.1445903331041336,0
3,1717.056640625,444.24224853515625,1781.9473876953125,585.022705078125,0.13648830354213715,0
3,480.6380615234375,448.067138671875,554.2698974609375,718.2376098632812,0.13448403775691986,0
3,1672.5552978515625,432.1964111328125,1728.23876953125,587.3204956054688,0.1317104697227478,0
3,1832.9652099609375,452.7645263671875,1918.5201416015625,650.4920654296875,0.13080590963363647,0
3,849.3502807617188,460.8939514160156,881.0868530273438,546.5109252929688,0.12237691879272461,0
3,972.1724853515625,441.0518493652344,1014.9759521484375,524.5225830078125,0.12210576236248016,0
3,1896.1204833984375,446.36883544921875,1919.3408203125,638.378173828125,0.11731305718421936,0
3,832.8036499023438,465.18927001953125,871.9232177734375,547.2160034179688,0.11376646906137466,0
3,693.9830932617188,453.32666015625,733.4338989257812,553.0833129882812,0.1111421063542366,0
3,878.8213500976562,448.96563720703125,910.6549682617188,543.9725341796875,0.10514546930789948,0
3,972.9785766601562,438.6264953613281,1006.9107666015625,509.5366516113281,0.10264358669519424,0
3,1010.7200317382812,426.2430725097656,1057.3115234375,527.2366333007812,0.09768727421760559,0
3,809.8359375,471.4450378417969,837.589599609375,548.8579711914062,0.08502771705389023,0
3,824.7899780273438,467.7514343261719,860.8238525390625,549.8904418945312,0.07787168025970459,0
3,411.7423095703125,467.6778259277344,441.9780578613281,517.853271484375,0.07222101837396622,0
3,1080.71826171875,464.2768249511719,1128.3494873046875,593.3112182617188,0.07217304408550262,0
3,1853.9542236328125,480.2472839355469,1918.1495361328125,654.1560668945312,0.07202473282814026,0
3,535.623291015625,440.9572448730469,577.4837036132812,542.4485473632812,0.06663864105939865,0
3,1059.0206298828125,444.13751220703125,1092.0177001953125,530.3941040039062,0.06116668879985809,0
3,667.7830810546875,473.4027099609375,730.2942504882812,639.802001953125,0.06110354885458946,0
3,718.652587890625,454.7419738769531,754.2949829101562,568.031494140625,0.059696014970541,0
3,654.4810791015625,452.75054931640625,695.1513061523438,539.0337524414062,0.05609969049692154,0
3,1674.0303955078125,421.308837890625,1787.8165283203125,586.6953735351562,0.055122219026088715,0
3,1853.682861328125,519.6712646484375,1910.162109375,654.65771484375,0.053095411509275436,0
3,405.64483642578125,475.4931640625,441.8365478515625,528.79443359375,0.05258779972791672,0
3,1675.6732177734375,434.9684143066406,1757.736328125,586.1814575195312,0.050342824310064316,0
3,1103.8563232421875,442.56512451171875,1133.9791259765625,529.4024047851562,0.04768833518028259,0
3,1055.832763671875,431.31719970703125,1081.9901123046875,490.4505615234375,0.046627990901470184,0
3,884.199462890625,441.177001953125,909.50390625,486.8652038574219,0.04613857343792915,0
3,802.8349609375,471.31915283203125,830.7691650390625,528.5780639648438,0.0441773422062397,0
3,844.4339599609375,464.5778503417969,886.0397338867188,551.7389526367188,0.04238441586494446,0
3,772.5763549804688,461.9967041015625,796.1202392578125,502.58148193359375,0.04233688488602638,0
3,678.1990356445312,477.3896484375,733.4945068359375,605.6185913085938,0.04192810878157616,0
3,963.5159912109375,486.01593017578125,1019.5623779296875,584.7994995117188,0.04123677685856819,0
3,1255.2144775390625,417.425537109375,1307.4288330078125,547.7312622070312,0.04000247269868851,0
3,542.1316528320312,437.33294677734375,581.720947265625,521.2086181640625,0.039711982011795044,0
3,1065.2069091796875,468.4427490234375,1098.2373046875,585.10693359375,0.03877563402056694,0
3,955.9912719726562,440.19647216796875,983.4629516601562,516.8497924804688,0.037901777774095535,0
3,1259.14501953125,445.90008544921875,1289.0047607421875,543.474853515625,0.03786349296569824,0
3,960.8741455078125,444.9552001953125,980.917236328125,516.60791015625,0.03641536459326744,0
3,701.6228637695312,476.5771179199219,734.6021728515625,602.1824951171875,0.03624819964170456,0
3,1894.515380859375,424.7406311035156,1919.233154296875,527.4722900390625,0.03456706926226616,0
3,960.0933837890625,442.5522766113281,999.3006591796875,585.6290283203125,0.033432040363550186,0
3,647.6285400390625,452.17950439453125,683.12109375,519.7300415039062,0.03304688632488251,0
3,961.163818359375,508.6336669921875,1026.8277587890625,587.4457397460938,0.03291622921824455,0
3,1067.9503173828125,452.3544006347656,1094.4295654296875,512.3885498046875,0.03283924236893654,0
3,1055.8209228515625,479.6927795410156,1092.615966796875,532.0999145507812,0.030458003282546997,0
3,1541.7620849609375,438.7334289550781,1566.1737060546875,494.5060729980469,0.030051013454794884,0
3,800.2505493164062,461.6277770996094,829.4192504882812,513.7503051757812,0.02806570939719677,0
3,1071.69140625,437.0086975097656,1092.334716796875,495.0198974609375,0.027763014659285545,0
3,418.1336364746094,457.3146057128906,452.33013916015625,518.1845092773438,0.027573758736252785,0
3,665.2731323242188,455.4130554199219,740.398193359375,577.4117431640625,0.02711615338921547,0
3,731.0035400390625,450.95306396484375,765.404296875,520.97314453125,0.026827272027730942,0
3,510.7934875488281,468.51068115234375,561.4373168945312,648.1668090820312,0.025185806676745415,0
3,585.7075805664062,441.2996520996094,616.90380859375,498.9826354980469,0.025067102164030075,0
3,1888.542236328125,399.7742614746094,1919.2955322265625,497.5860900878906,0.02370118722319603,0
3,526.3277587890625,450.73370361328125,560.6588745117188,552.9122314453125,0.0220932736992836,0
3,1877.4130859375,390.6580810546875,1918.93701171875,492.0509033203125,0.021308671683073044,0
3,657.29736328125,451.0013122558594,696.5244140625,493.8644714355469,0.021290868520736694,0
3,1728.27099609375,445.9951171875,1777.631103515625,512.3478393554688,0.02128513716161251,0
3,1373.0439453125,420.9481201171875,1403.5115966796875,500.2349853515625,0.02048276551067829,0
3,583.7517700195312,437.4302062988281,611.9210815429688,478.426513671875,0.020260965451598167,0
3,355.71844482421875,497.8076477050781,428.4232177734375,565.673828125,0.02005838230252266,0
3,696.1931762695312,448.9456787109375,732.3693237304688,515.0040893554688,0.019701050594449043,0
3,585.0537109375,445.5628967285156,678.3389892578125,579.3580322265625,0.019591908901929855,0
3,417.7196044921875,474.92742919921875,451.12298583984375,529.8989868164062,0.019552873447537422,0
3,1537.3106689453125,438.4951171875,1578.1556396484375,539.7211303710938,0.019503053277730942,0
3,1053.6370849609375,422.8153381347656,1078.8349609375,464.0605773925781,0.0178573839366436,0
3,1727.6846923828125,488.8883972167969,1787.771484375,583.662109375,0.016950901597738266,0
3,640.3201904296875,453.05657958984375,679.265625,547.5302734375,0.016753097996115685,0
3,914.4357299804688,444.52716064453125,948.4611206054688,583.25830078125,0.016393395140767097,0
3,1476.260498046875,439.7373046875,1562.3349609375,554.3490600585938,0.01636662147939205,0
3,632.2808227539062,461.31390380859375,680.954833984375,582.1827392578125,0.015841219574213028,0
3,1373.470947265625,412.3341369628906,1436.2515869140625,492.99456787109375,0.015599103644490242,0
3,875.6687622070312,489.06512451171875,907.7462768554688,549.3053588867188,0.015038185752928257,0
3,916.6329345703125,510.8690490722656,976.0975341796875,587.5588989257812,0.014844892546534538,0
3,1480.39892578125,437.7674560546875,1532.9654541015625,545.1947021484375,0.014455207623541355,0
3,1746.2281494140625,485.83868408203125,1792.80029296875,579.3765258789062,0.01369527354836464,0
3,1542.040283203125,439.096435546875,1590.8001708984375,535.8823852539062,0.013531295582652092,0
3,1472.7698974609375,444.6054382324219,1609.506591796875,644.9121704101562,0.013252638280391693,0
3,411.4258117675781,444.8145446777344,442.7487487792969,519.4505004882812,0.013147526420652866,0
3,1051.248291015625,492.49090576171875,1094.9110107421875,565.6204833984375,0.01314045675098896,0
3,1892.3712158203125,494.0635070800781,1919.3375244140625,650.3093872070312,0.013124297372996807,0
3,776.8317260742188,450.9809265136719,799.1757202148438,492.5889892578125,0.012934740632772446,0
3,1162.7420654296875,436.1606140136719,1192.70947265625,523.005615234375,0.012701941654086113,0
3,443.0323791503906,442.648681640625,530.0369262695312,554.4119262695312,0.012332214042544365,0
3,1829.1998291015625,531.6508178710938,1882.6417236328125,642.6936645507812,0.012245392426848412,0
3,528.2605590820312,445.9151306152344,559.9371948242188,514.0177001953125,0.01208715233951807,0
3,434.23040771484375,445.00799560546875,552.5240478515625,612.74951171875,0.011855918914079666,0
3,647.2128295898438,449.59405517578125,688.9396362304688,492.49658203125,0.01157313957810402,0
3,1879.2313232421875,389.2936706542969,1919.28564453125,456.1647033691406,0.011146089993417263,0
3,1822.138671875,483.3673400878906,1885.843994140625,637.88134765625,0.011003411374986172,0
3,1369.836669921875,422.9744567871094,1407.506103515625,514.3283081054688,0.010978966020047665,0
3,1846.4085693359375,473.2424011230469,1884.814208984375,534.2450561523438,0.010797425173223019,0
3,1675.3359375,436.6885986328125,1785.032958984375,634.12060546875,0.010426167398691177,0
3,583.898193359375,448.36724853515625,615.0090942382812,520.8841552734375,0.010309443809092045,0
3,965.8343505859375,512.1304931640625,1049.51025390625,584.7938842773438,0.010158413089811802,0
4,1350.0157470703125,420.4492492675781,1528.385009765625,798.552490234375,0.8240056037902832,0
4,584.40185546875,444.0384521484375,677.2864990234375,708.5687255859375,0.7669824361801147,0
4,439.20318603515625,442.91986083984375,558.3294677734375,719.414794921875,0.7436275482177734,0
4,1480.359130859375,431.7518005371094,1603.6231689453125,767.4732666015625,0.7303076982498169,0
4,732.2556762695312,458.45758056640625,769.0169677734375,568.9111938476562,0.5187197327613831,0
4,916.576904296875,431.7539978027344,977.455810546875,586.1045532226562,0.4195658266544342,0
4,1012.4615478515625,428.7712097167969,1058.2244873046875,528.722412109375,0.24968130886554718,0
4,966.5079345703125,437.08428955078125,1019.337158203125,582.1287231445312,0.21153806149959564,0
4,691.6777954101562,452.4310302734375,736.9573974609375,583.3297119140625,0.2001378983259201,0
4,933.3202514648438,434.9808654785156,971.2648315429688,515.0623779296875,0.19499698281288147,0
4,1092.65234375,447.58648681640625,1135.656494140625,587.4168090820312,0.19331635534763336,0
4,805.3324584960938,471.4709777832031,833.7130737304688,548.3187866210938,0.17524366080760956,0
4,1305.1337890625,416.9715270996094,1347.4322509765625,547.4880981445312,0.17441385984420776,0
4,1256.8436279296875,427.90667724609375,1295.4755859375,545.6556396484375,0.17149075865745544,0
4,1673.1756591796875,431.8681640625,1730.4708251953125,587.4076538085938,0.1583406627178192,0
4,479.70904541015625,444.4985046386719,557.1727294921875,718.233642578125,0.1543135792016983,0
4,1853.9761962890625,420.3919372558594,1919.3800048828125,653.3743896484375,0.15242356061935425,0
4,545.2203979492188,443.3068542480469,584.4234619140625,556.6466674804688,0.1452617645263672,0
4,971.2985229492188,437.60845947265625,1007.6889038085938,523.3798217773438,0.1431245356798172,0
4,1830.292236328125,474.03729248046875,1903.215087890625,652.4918823242188,0.13677197694778442,0
4,846.4652709960938,461.2191467285156,881.8961791992188,548.4284057617188,0.13046322762966156,0
4,969.15234375,438.98272705078125,1012.5706787109375,549.71142578125,0.12930890917778015,0
4,833.5951538085938,466.24871826171875,876.3978881835938,550.2647094726562,0.12260402739048004,0
4,1897.656494140625,443.900146484375,1919.3651123046875,639.1554565429688,0.11949581652879715,0
4,878.7059326171875,449.8453674316406,911.2445068359375,547.0697021484375,0.11524452269077301,0
4,1716.579345703125,444.70880126953125,1783.146240234375,585.4692993164062,0.09361927956342697,0
4,1102.2645263671875,440.7891540527344,1137.947021484375,574.4758911132812,0.08472401648759842,0
4,655.435546875,452.961181640625,693.4395141601562,526.3427124023438,0.08114968240261078,0
4,1058.0650634765625,436.6961975097656,1091.5916748046875,526.943359375,0.08067858219146729,0
4,1057.18505859375,430.7890319824219,1084.2864990234375,501.67950439453125,0.07218683511018753,0
4,1870.41650390625,394.0805358886719,1919.439697265625,649.2093505859375,0.0711047425866127,0
4,1673.212646484375,421.6628723144531,1764.132568359375,586.8931884765625,0.06569907814264297,0
4,1487.4063720703125,435.85089111328125,1572.2255859375,556.6204833984375,0.06545107811689377,0
4,1853.7103271484375,521.7213745117188,1909.5025634765625,654.7921752929688,0.0641789510846138,0
4,718.3764038085938,456.1870422363281,757.1181030273438,570.1945190429688,0.0625048577785492,0
4,410.7655334472656,467.74853515625,445.2580261230469,518.9644165039062,0.06157004088163376,0
4,710.4822387695312,453.61981201171875,748.4647216796875,571.3401489257812,0.061487652361392975,0
4,824.02392578125,468.92169189453125,860.2284545898438,550.648681640625,0.0583096407353878,0
4,1374.4193115234375,413.95843505859375,1428.76953125,508.7786865234375,0.051435280591249466,0
4,1714.493408203125,445.4662170410156,1780.5750732421875,537.9591674804688,0.05111117288470268,0
4,406.1149597167969,475.62652587890625,445.1440734863281,530.6640014648438,0.05025390163064003,0
4,1007.4263305664062,416.02716064453125,1057.7733154296875,496.1103515625,0.04922041669487953,0
4,884.1077270507812,442.53204345703125,910.0512084960938,487.8637390136719,0.048453930765390396,0
4,1374.5570068359375,425.6086120605469,1410.4464111328125,512.6598510742188,0.047704972326755524,0
4,649.7399291992188,452.811767578125,686.051025390625,515.783203125,0.04665280133485794,0
4,676.3419799804688,474.9630432128906,735.1301879882812,604.2488403320312,0.04363449290394783,0
4,953.9456176757812,439.6780700683594,983.6775512695312,518.8460693359375,0.043159119784832,0
4,1254.9354248046875,442.3623046875,1289.80859375,540.5908813476562,0.04313921183347702,0
4,1080.7708740234375,461.64312744140625,1128.806396484375,593.126220703125,0.04103109985589981,0
4,1071.1434326171875,435.40997314453125,1092.5015869140625,496.31011962890625,0.039920590817928314,0
4,541.5516357421875,440.58087158203125,580.7092895507812,511.628173828125,0.038353703916072845,0
4,653.8206176757812,452.26812744140625,698.6439208984375,545.6107177734375,0.03834257274866104,0
4,959.7427368164062,443.574462890625,979.6261596679688,519.0384521484375,0.03779551014304161,0
4,534.8904418945312,440.1565246582031,578.4254150390625,541.8558349609375,0.03759239614009857,0
4,1895.7454833984375,426.6561584472656,1919.2181396484375,527.311767578125,0.037278786301612854,0
4,961.8658447265625,442.2303771972656,997.6658935546875,581.1982421875,0.03689415380358696,0
4,1487.73974609375,445.5684814453125,1554.0426025390625,551.1700439453125,0.03678911179304123,0
4,1066.7183837890625,446.5617370605469,1094.027099609375,508.7537841796875,0.03488973155617714,0
4,1255.6475830078125,417.1456604003906,1308.4088134765625,547.8280029296875,0.0348171666264534,0
4,961.5247192382812,507.796142578125,1028.265869140625,587.0480346679688,0.03373396024107933,0
4,1005.0670166015625,414.8588562011719,1062.3453369140625,527.3233032226562,0.03155729919672012,0
4,664.2601928710938,454.8791198730469,741.61767578125,578.4492797851562,0.03149287775158882,0
4,699.033203125,448.8283386230469,731.7990112304688,498.97918701171875,0.03132045269012451,0
4,658.070068359375,450.8214111328125,696.747802734375,489.892822265625,0.031178178265690804,0
4,702.1762084960938,478.2973937988281,735.9130249023438,601.1649780273438,0.029129408299922943,0
4,584.9833984375,447.4745178222656,678.1723022460938,596.2808227539062,0.029008042067289352,0
4,1066.4407958984375,456.6010437011719,1111.5103759765625,585.114501953125,0.028710773214697838,0
4,1053.8160400390625,475.88104248046875,1092.228271484375,532.3599243164062,0.02856270968914032,0
4,773.9536743164062,461.2248229980469,796.2518920898438,501.19775390625,0.02792951837182045,0
4,873.5659790039062,484.3670654296875,907.0025024414062,549.4428100585938,0.02750774845480919,0
4,1462.13134765625,503.098388671875,1527.5531005859375,682.921142578125,0.02694573998451233,0
4,965.243408203125,434.5367431640625,1056.27392578125,584.7642211914062,0.026726877316832542,0
4,1055.49755859375,422.2742614746094,1081.0931396484375,466.7774963378906,0.024857593700289726,0
4,668.1097412109375,506.56805419921875,728.3038330078125,632.0770263671875,0.024125825613737106,0
4,949.5743408203125,440.7195739746094,1017.1417236328125,587.3721923828125,0.023996587842702866,0
4,416.6028747558594,458.43365478515625,453.64703369140625,518.8590087890625,0.023940475657582283,0
4,423.5197448730469,444.897705078125,552.848388671875,645.2874755859375,0.02235748991370201,0
4,513.9038696289062,465.1261901855469,562.6573486328125,656.7509765625,0.02210753597319126,0
4,1890.7027587890625,409.28759765625,1919.284423828125,498.03680419921875,0.021644869819283485,0
4,1059.6905517578125,479.00921630859375,1130.563720703125,592.3280639648438,0.021533017978072166,0
4,799.6834716796875,460.4680480957031,830.5856323242188,513.7843017578125,0.02006942592561245,0
4,1483.9923095703125,438.9839172363281,1606.61767578125,679.1226806640625,0.019986441358923912,0
4,1546.2181396484375,439.86968994140625,1581.817138671875,541.3883666992188,0.01928243227303028,0
4,421.8711853027344,481.4074401855469,451.9476318359375,530.466796875,0.01887201890349388,0
4,1489.1983642578125,437.571533203125,1527.4866943359375,529.3187866210938,0.017582375556230545,0
4,667.9575805664062,459.911865234375,738.990234375,619.8338012695312,0.017384834587574005,0
4,1723.573974609375,445.39044189453125,1778.706298828125,512.8740234375,0.01721109077334404,0
4,913.388916015625,443.8509521484375,947.482421875,582.421875,0.016031861305236816,0
4,641.9400024414062,452.8946228027344,678.3838500976562,543.2974243164062,0.015737036243081093,0
4,354.3320617675781,498.4113464355469,425.3577575683594,564.4697265625,0.015594983473420143,0
4,1507.0880126953125,430.83984375,1577.6693115234375,552.9862060546875,0.01526707038283348,0
4,917.26611328125,512.2099609375,976.6593017578125,587.3126831054688,0.014720174483954906,0
4,1162.79296875,436.1172180175781,1192.3992919921875,523.20654296875,0.014645091257989407,0
4,631.763916015625,461.60888671875,682.7293090820312,615.4228515625,0.014469744637608528,0
4,1828.7105712890625,533.6788940429688,1877.0577392578125,644.3093872070312,0.014142815954983234,0
4,1677.0494384765625,426.3262023925781,1782.3446044921875,633.8233032226562,0.01414253655821085,0
4,1007.5713500976562,418.2315673828125,1043.1785888671875,448.52105712890625,0.013223418965935707,0
4,1680.7738037109375,492.65692138671875,1730.2957763671875,585.005615234375,0.01320179644972086,0
4,583.8917236328125,450.7796630859375,612.7919921875,508.1103515625,0.012917529791593552,0
4,648.2919921875,449.7741394042969,691.9617919921875,492.3778381347656,0.012829751707613468,0
4,1114.622802734375,451.7706298828125,1145.3173828125,543.6551513671875,0.012800722382962704,0
4,1887.9217529296875,503.67510986328125,1919.3074951171875,652.1221923828125,0.012240998446941376,0
4,653.2831420898438,465.7896423339844,733.4178466796875,651.2459106445312,0.012129702605307102,0
4,1881.9906005859375,391.32232666015625,1919.3206787109375,476.8361511230469,0.011813526973128319,0
4,1874.070556640625,399.2373962402344,1918.152099609375,486.2584533691406,0.011708631180226803,0
4,1736.2489013671875,490.82281494140625,1792.8255615234375,578.4664306640625,0.011518167331814766,0
4,532.265869140625,445.0791320800781,565.0401000976562,509.0741271972656,0.011281955987215042,0
4,1156.921630859375,442.95623779296875,1188.0078125,524.6112670898438,0.011145537719130516,0
4,1847.26220703125,473.746337890625,1885.430908203125,535.0631103515625,0.010837012901902199,0
4,1049.5032958984375,493.8717956542969,1094.614013671875,562.2195434570312,0.01008467748761177,0
5,1352.0753173828125,418.189453125,1528.10595703125,804.769775390625,0.8483235239982605,0
5,584.8304443359375,444.0130920410156,677.8273315429688,707.9795532226562,0.7658051252365112,0
5,1485.8646240234375,427.95703125,1600.7611083984375,768.057861328125,0.7403491139411926,0
5,443.7664489746094,444.0797424316406,562.6747436523438,717.3250732421875,0.6898609399795532,0
5,732.8360595703125,458.7986755371094,768.3253784179688,568.1257934570312,0.5181494951248169,0
5,915.92578125,431.02294921875,977.3594970703125,585.6974487304688,0.4083346128463745,0
5,965.7144165039062,439.8571472167969,1018.9935302734375,582.30712890625,0.27410227060317993,0
5,1013.0125732421875,429.3842468261719,1057.5791015625,529.0892944335938,0.22791585326194763,0
5,472.71112060546875,451.5106201171875,556.79833984375,713.3508911132812,0.2017180621623993,0
5,1091.8363037109375,447.82745361328125,1134.9869384765625,586.9815673828125,0.19260624051094055,0
5,1304.36767578125,416.7752380371094,1346.9620361328125,547.2902221679688,0.19078144431114197,0
5,932.6041259765625,434.3537292480469,970.9775390625,514.6895141601562,0.1872222125530243,0
5,805.3994750976562,471.7250061035156,833.7288208007812,548.4479370117188,0.17823028564453125,0
5,1672.7647705078125,431.7409973144531,1730.21044921875,588.7713012695312,0.16432830691337585,0
5,1256.61181640625,425.3058776855469,1296.99609375,546.36328125,0.15709081292152405,0
5,1857.248291015625,437.0555725097656,1919.3759765625,653.2429809570312,0.15175773203372955,0
5,692.5049438476562,452.7572937011719,736.3773803710938,591.6474609375,0.14655223488807678,0
5,1829.4735107421875,474.0391845703125,1898.9920654296875,651.97119140625,0.14364086091518402,0
5,697.1776123046875,453.21197509765625,733.4075927734375,556.025390625,0.1388704776763916,0
5,1897.642822265625,447.11224365234375,1919.35986328125,639.4373168945312,0.12967604398727417,0
5,546.2745361328125,451.336669921875,584.064208984375,556.2039184570312,0.1288517713546753,0
5,834.630615234375,465.9723815917969,877.2275390625,549.9661254882812,0.12745432555675507,0
5,1832.5506591796875,458.5470275878906,1918.1015625,651.7974243164062,0.12735392153263092,0
5,846.4112548828125,460.9840393066406,881.3609619140625,548.44873046875,0.12652888894081116,0
5,878.926025390625,449.5982971191406,911.0678100585938,546.9088745117188,0.11878921091556549,0
5,970.2171020507812,438.169921875,1007.8723754882812,532.7982788085938,0.11855640262365341,0
5,961.5097045898438,494.272705078125,1021.6935424804688,585.7451171875,0.09858132153749466,0
5,1101.78857421875,440.8846435546875,1137.6318359375,574.9610595703125,0.08480913937091827,0
5,1056.5926513671875,436.0239562988281,1090.2855224609375,525.83935546875,0.07784374803304672,0
5,656.1807861328125,453.753662109375,694.6224975585938,535.5809936523438,0.07477221637964249,0
5,1372.786376953125,414.7695007324219,1430.005859375,524.3456420898438,0.07381819933652878,0
5,1056.2515869140625,430.9376220703125,1083.7313232421875,501.9766845703125,0.07140481472015381,0
5,657.5592041015625,451.7486572265625,730.2588500976562,637.081298828125,0.07135718315839767,0
5,719.7281494140625,457.0096435546875,757.2866821289062,569.5938720703125,0.06644831597805023,0
5,1854.06201171875,521.0239868164062,1909.3448486328125,654.810791015625,0.0644557848572731,0
5,1715.986083984375,446.4914245605469,1783.025390625,583.866455078125,0.06328219920396805,0
5,1672.5377197265625,420.3652038574219,1754.5762939453125,587.5184936523438,0.06185988336801529,0
5,714.172119140625,454.3005065917969,748.7279663085938,571.5055541992188,0.06174207478761673,0
5,1871.7601318359375,393.32025146484375,1919.4642333984375,648.9051513671875,0.05965755879878998,0
5,824.4745483398438,468.79559326171875,860.0354614257812,550.553466796875,0.05682714283466339,0
5,410.94781494140625,468.2308044433594,444.71337890625,517.6959838867188,0.05224771425127983,0
5,1673.381591796875,415.6490783691406,1787.5906982421875,587.5742797851562,0.049697548151016235,0
5,1007.306396484375,416.05023193359375,1057.763671875,493.90081787109375,0.04917246103286743,0
5,884.0078125,442.7266845703125,909.537841796875,488.99468994140625,0.045953162014484406,0
5,406.6883544921875,477.9541015625,444.6280822753906,530.4737548828125,0.04568469151854515,0
5,665.7528076171875,509.38897705078125,720.8406372070312,636.6541137695312,0.04560920596122742,0
5,964.9171142578125,424.44281005859375,1057.0484619140625,584.5008544921875,0.043952323496341705,0
5,1073.0303955078125,476.5089111328125,1130.268310546875,590.436767578125,0.042758192867040634,0
5,654.8893432617188,453.5874328613281,702.8309326171875,555.8821411132812,0.0423295795917511,0
5,584.3818969726562,447.50494384765625,680.1700439453125,631.0308837890625,0.03992996737360954,0
5,1070.926513671875,435.2840881347656,1092.6536865234375,497.1975402832031,0.03966135531663895,0
5,661.2511596679688,450.9402770996094,736.3296508789062,591.6355590820312,0.03937140479683876,0
5,956.9375610351562,439.8366394042969,984.0097045898438,517.9144287109375,0.03672279790043831,0
5,1254.6658935546875,444.8315734863281,1290.948486328125,542.7105712890625,0.03661622479557991,0
5,1714.199462890625,445.42657470703125,1779.7457275390625,524.7603149414062,0.03557540476322174,0
5,1065.97314453125,445.89642333984375,1094.3336181640625,517.4454956054688,0.035302821546792984,0
5,1895.8231201171875,427.6048583984375,1919.2225341796875,526.0874633789062,0.03406418114900589,0
5,1065.874267578125,454.5614318847656,1118.36767578125,585.4596557617188,0.033338021486997604,0
5,700.77685546875,449.003173828125,731.1896362304688,487.628173828125,0.03322968631982803,0
5,704.3448486328125,491.47027587890625,734.8644409179688,599.754150390625,0.032001104205846786,0
5,960.1781616210938,444.1066589355469,979.5397338867188,518.6539916992188,0.03127485513687134,0
5,535.0211791992188,441.7840576171875,578.5422973632812,549.5181884765625,0.03095223754644394,0
5,649.788818359375,453.6993713378906,681.7442016601562,514.3594360351562,0.029636496677994728,0
5,543.1261596679688,443.244140625,580.9795532226562,513.20361328125,0.029492370784282684,0
5,1052.803466796875,459.27099609375,1093.0811767578125,534.8953857421875,0.02948404848575592,0
5,670.6317138671875,481.3312683105469,733.1827392578125,604.3119506835938,0.029096253216266632,0
5,873.6476440429688,479.492431640625,907.0014038085938,549.3546752929688,0.028349634259939194,0
5,774.3627319335938,461.2273254394531,796.2804565429688,500.101806640625,0.028094427660107613,0
5,804.1759643554688,477.86572265625,828.2396850585938,545.74755859375,0.026371948421001434,0
5,1006.0009155273438,414.8795471191406,1062.322998046875,527.140380859375,0.024987254291772842,0
5,659.4668579101562,451.5030517578125,697.1796264648438,484.1825256347656,0.024215472862124443,0
5,1055.2545166015625,422.3881530761719,1081.381103515625,468.3875427246094,0.023685403168201447,0
5,520.7777709960938,483.8405456542969,562.6829223632812,656.6693725585938,0.022414226084947586,0
5,410.7979431152344,512.602294921875,490.68695068359375,620.395263671875,0.021333836019039154,0
5,633.27978515625,462.89312744140625,683.4545288085938,647.8115234375,0.02101234719157219,0
5,1492.5025634765625,438.06097412109375,1588.7655029296875,661.846435546875,0.019771015271544456,0
5,417.9507751464844,460.0329895019531,453.9154357910156,518.7411499023438,0.01917199417948723,0
5,799.7567138671875,460.23797607421875,830.56494140625,512.5147705078125,0.019098401069641113,0
5,1891.29052734375,415.4312438964844,1919.293212890625,497.5192565917969,0.018551209941506386,0
5,913.6118774414062,442.99163818359375,949.2599487304688,578.9880981445312,0.017027541995048523,0
5,1828.6700439453125,533.9493408203125,1876.4840087890625,643.3673095703125,0.01664866879582405,0
5,425.65081787109375,482.8334655761719,452.427978515625,529.784423828125,0.016294023022055626,0
5,531.0185546875,461.5937805175781,562.2999267578125,557.3419799804688,0.016194947063922882,0
5,1162.607666015625,436.0072021484375,1192.294921875,523.656005859375,0.015668192878365517,0
5,355.1976623535156,498.49932861328125,424.5380859375,563.092529296875,0.015466631390154362,0
5,1385.72607421875,412.8062438964844,1440.977783203125,504.3542175292969,0.015361705794930458,0
5,916.6142578125,511.4674072265625,975.895751953125,587.71875,0.0151214012876153,0
5,1368.569091796875,425.5711669921875,1419.9290771484375,543.1968383789062,0.014784775674343109,0
5,1509.0194091796875,429.8914489746094,1579.3040771484375,551.4529418945312,0.014566361904144287,0
5,1048.697021484375,492.6559753417969,1096.6961669921875,581.6430053710938,0.014387527480721474,0
5,1007.3464965820312,418.1227111816406,1043.154541015625,448.20703125,0.014002842828631401,0
5,1891.8526611328125,502.8441467285156,1919.306396484375,651.27197265625,0.013529169373214245,0
5,649.3194580078125,450.8368225097656,689.6570434570312,486.6879577636719,0.012888256460428238,0
5,1680.0245361328125,495.0838623046875,1729.8299560546875,587.3384399414062,0.012882543727755547,0
5,1156.9102783203125,442.1156921386719,1188.05615234375,524.6163940429688,0.012153346091508865,0
5,1117.0770263671875,453.0154724121094,1145.95458984375,542.9820556640625,0.011839072220027447,0
5,1025.9107666015625,496.0675964355469,1104.7408447265625,589.78369140625,0.01183271873742342,0
5,1847.6737060546875,474.32916259765625,1884.5745849609375,532.8434448242188,0.01084919087588787,0
5,439.1829833984375,444.54949951171875,538.7658081054688,594.6005859375,0.010764664970338345,0
5,910.68896484375,436.5107116699219,968.3953857421875,565.5494995117188,0.010738232173025608,0
5,639.8494262695312,537.0409545898438,683.307861328125,653.1359252929688,0.01073529478162527,0
5,1113.18896484375,447.7570495605469,1142.7396240234375,535.1213989257812,0.010528519749641418,0
5,435.49853515625,445.3795471191406,554.3396606445312,635.6176147460938,0.010499123483896255,0
6,1359.5992431640625,418.2113342285156,1530.7420654296875,805.2284545898438,0.8471243381500244,0
6,583.89697265625,443.19415283203125,676.14404296875,711.2857055664062,0.7617235779762268,0
6,1495.4351806640625,426.0702209472656,1602.9569091796875,768.6837158203125,0.7236870527267456,0
6,450.8835754394531,444.02197265625,567.24169921875,718.3851928710938,0.6951149106025696,0
6,733.5267333984375,456.867919921875,767.56787109375,567.5059204101562,0.5345624685287476,0
6,915.7093505859375,430.2945556640625,977.92529296875,586.8431396484375,0.4201864004135132,0
6,1013.52685546875,429.19915771484375,1057.585693359375,528.90576171875,0.2052621990442276,0
6,965.8386840820312,437.1397705078125,1018.5245361328125,579.448974609375,0.20406047999858856,0
6,1257.09228515625,426.82305908203125,1296.344970703125,546.7357177734375,0.1989198923110962,0
6,1830.385009765625,468.52801513671875,1892.668701171875,649.472900390625,0.19046370685100555,0
6,1089.8858642578125,447.560302734375,1134.4515380859375,590.2527465820312,0.19010192155838013,0
6,805.6944580078125,471.2527770996094,834.1322021484375,549.4407958984375,0.18879733979701996,0
6,1672.831787109375,432.57513427734375,1730.994873046875,589.2158203125,0.18807971477508545,0
6,658.6807861328125,451.469970703125,728.1412963867188,642.233154296875,0.17499376833438873,0
6,1303.697509765625,416.5216369628906,1346.315185546875,547.8831176757812,0.1732986569404602,0
6,932.688720703125,433.47308349609375,971.9659423828125,515.1375732421875,0.16514407098293304,0
6,693.3971557617188,450.7518310546875,736.4788818359375,595.801025390625,0.15322352945804596,0
6,1858.9852294921875,459.6839904785156,1919.2408447265625,652.9004516601562,0.15151333808898926,0
6,697.647216796875,452.53582763671875,733.3399047851562,545.9335327148438,0.14995543658733368,0
6,546.654052734375,454.4452819824219,583.7573852539062,556.6219482421875,0.14346346259117126,0
6,1897.9161376953125,459.9277038574219,1919.346435546875,639.488037109375,0.13498757779598236,0
6,972.1730346679688,439.59991455078125,1016.6275634765625,544.4344482421875,0.12981435656547546,0
6,847.0400390625,461.2740173339844,881.2847900390625,546.6399536132812,0.12129678577184677,0
6,475.72772216796875,458.7787170410156,558.0398559570312,718.3048095703125,0.11462287604808807,0
6,971.5427856445312,437.6758117675781,1007.8987426757812,525.69384765625,0.11037404835224152,0
6,810.6546020507812,472.4316101074219,839.5090942382812,549.3668212890625,0.10577821731567383,0
6,703.0526733398438,453.4060363769531,734.0775146484375,571.9451904296875,0.10497169196605682,0
6,834.9580078125,466.1999206542969,874.01806640625,549.1109619140625,0.10301464796066284,0
6,878.71533203125,449.3475036621094,910.86865234375,545.5963134765625,0.10178645700216293,0
6,1717.08984375,445.37457275390625,1783.2978515625,585.2129516601562,0.09240022301673889,0
6,827.1328125,466.8587951660156,862.899169921875,550.1616821289062,0.09148743748664856,0
6,723.2724609375,454.6282653808594,765.6384887695312,572.3939819335938,0.07832031697034836,0
6,1058.0264892578125,436.3324890136719,1090.6593017578125,524.240966796875,0.07411286979913712,0
6,1854.0087890625,521.4566040039062,1908.504638671875,654.6681518554688,0.07204784452915192,0
6,1102.2506103515625,441.0210876464844,1137.29638671875,577.1882934570312,0.06933174282312393,0
6,1057.2880859375,430.9892883300781,1084.44775390625,502.40911865234375,0.06585505604743958,0
6,656.6152954101562,452.4543762207031,697.6036987304688,521.3140869140625,0.06345294415950775,0
6,822.5443725585938,469.40533447265625,854.408935546875,550.4806518554688,0.06173071637749672,0
6,411.031982421875,466.7193908691406,442.8927917480469,516.3964233398438,0.06058047339320183,0
6,655.6818237304688,453.6894836425781,737.4779052734375,605.1634521484375,0.05892442911863327,0
6,713.072998046875,455.5508728027344,752.2848510742188,579.0501708984375,0.056138716638088226,0
6,1077.0421142578125,477.566162109375,1130.3359375,590.4224853515625,0.05403314530849457,0
6,1256.24951171875,416.71490478515625,1310.857177734375,549.043212890625,0.052468620240688324,0
6,406.7691650390625,474.9884948730469,444.7144775390625,530.3961791992188,0.05148811638355255,0
6,646.9484252929688,486.58099365234375,721.0685424804688,646.0874633789062,0.05135554075241089,0
6,1499.2354736328125,429.77178955078125,1593.982666015625,693.7000122070312,0.04863291233778,0
6,1254.814453125,445.1847839355469,1288.4462890625,543.38623046875,0.04693247750401497,0
6,1673.595703125,413.9158935546875,1787.14892578125,586.4277954101562,0.045215241611003876,0
6,700.4684448242188,448.720458984375,732.0376586914062,492.61175537109375,0.04355262592434883,0
6,1675.1943359375,435.1321105957031,1751.41455078125,588.1168823242188,0.04309648275375366,0
6,1714.8018798828125,444.9158020019531,1781.51708984375,535.8812255859375,0.04076719656586647,0
6,884.2635498046875,442.41778564453125,909.1201171875,488.0600280761719,0.04004332795739174,0
6,433.8172302246094,450.09210205078125,493.2767028808594,688.8759155273438,0.03881049156188965,0
6,965.7504272460938,442.54779052734375,1004.4900512695312,575.2713012695312,0.03864290937781334,0
6,702.29443359375,474.2390441894531,733.7799682617188,601.0719604492188,0.03669029101729393,0
6,1873.704345703125,393.1544494628906,1919.441162109375,648.3853149414062,0.03654225915670395,0
6,1071.25830078125,435.33575439453125,1092.4677734375,496.2357177734375,0.036077093333005905,0
6,1008.193603515625,415.8926086425781,1056.135009765625,468.9295654296875,0.03584959730505943,0
6,410.19122314453125,481.20941162109375,489.74359130859375,610.9590454101562,0.034718163311481476,0
6,543.8055419921875,444.9775085449219,581.1859741210938,513.6589965820312,0.03468010202050209,0
6,954.427734375,439.12701416015625,983.4814453125,519.1008911132812,0.03195673227310181,0
6,1895.3118896484375,435.91180419921875,1919.2181396484375,524.83447265625,0.031665947288274765,0
6,960.022705078125,443.86761474609375,980.325439453125,519.2173461914062,0.0314866378903389,0
6,584.754150390625,446.97271728515625,679.0428466796875,604.90869140625,0.031143656000494957,0
6,536.5724487304688,442.3731994628906,580.7808837890625,540.8092041015625,0.03075040504336357,0
6,1067.376220703125,446.8795471191406,1093.2991943359375,510.23065185546875,0.030446698889136314,0
6,521.94384765625,491.4624938964844,563.191650390625,663.5301513671875,0.029156416654586792,0
6,804.1422729492188,475.89990234375,828.028564453125,546.5099487304688,0.0287090465426445,0
6,691.7689819335938,517.8554077148438,730.5144653320312,605.5167846679688,0.02668265625834465,0
6,631.266845703125,462.9126892089844,684.8803100585938,654.42431640625,0.026595057919621468,0
6,1829.0391845703125,531.9182739257812,1880.1805419921875,642.8917846679688,0.026590045541524887,0
6,657.809326171875,450.6866455078125,699.679443359375,488.360595703125,0.02564619854092598,0
6,650.0765991210938,452.6113586425781,682.9081420898438,515.419189453125,0.02554304525256157,0
6,960.7921142578125,509.4305419921875,1029.9422607421875,587.606689453125,0.02492491714656353,0
6,774.3717041015625,461.682861328125,795.771240234375,500.1177978515625,0.02418390102684498,0
6,1675.986328125,477.5188293457031,1729.552001953125,587.0442504882812,0.022654039785265923,0
6,1821.4110107421875,480.0339050292969,1886.230712890625,638.1417846679688,0.022116661071777344,0
6,913.5233154296875,442.7069091796875,948.388427734375,581.7570190429688,0.021774772554636,0
6,1055.6729736328125,422.24212646484375,1081.5948486328125,468.5775146484375,0.021601805463433266,0
6,1162.133544921875,435.9418029785156,1192.690185546875,523.3369140625,0.021526169031858444,0
6,351.1239013671875,498.4322204589844,413.28564453125,566.6107788085938,0.02152465097606182,0
6,419.45562744140625,460.3089294433594,453.15069580078125,518.3551635742188,0.021219871938228607,0
6,1054.9830322265625,480.908203125,1091.4268798828125,531.1436157226562,0.020667076110839844,0
6,1005.9776000976562,415.01239013671875,1062.0689697265625,526.0578002929688,0.020238511264324188,0
6,434.85333251953125,446.0452880859375,509.1478271484375,566.261962890625,0.018640145659446716,0
6,874.7869262695312,485.8396911621094,907.4946899414062,550.02490234375,0.017569713294506073,0
6,1829.4576416015625,536.4838256835938,1865.4605712890625,642.3896484375,0.017435776069760323,0
6,358.28955078125,498.8133850097656,427.7018127441406,562.7993774414062,0.01724390871822834,0
6,1888.3719482421875,411.48504638671875,1919.3306884765625,501.6464538574219,0.017009394243359566,0
6,1836.150634765625,535.0545043945312,1908.0909423828125,653.0789794921875,0.016706136986613274,0
6,641.2894287109375,536.9765014648438,688.5715942382812,654.0668334960938,0.016416069120168686,0
6,1374.2713623046875,442.75006103515625,1411.106689453125,530.2437133789062,0.01618531532585621,0
6,1713.3760986328125,440.9481201171875,1777.6922607421875,513.3060913085938,0.016065362840890884,0
6,1373.0008544921875,451.5504455566406,1409.0836181640625,552.11376953125,0.015995152294635773,0
6,965.34814453125,460.3347473144531,1055.9927978515625,584.544677734375,0.01588851772248745,0
6,420.6207275390625,481.1624450683594,452.29632568359375,530.297119140625,0.01563873700797558,0
6,1894.8526611328125,506.65704345703125,1919.2906494140625,651.4163818359375,0.015042290091514587,0
6,1847.1654052734375,473.73065185546875,1883.4576416015625,534.4326782226562,0.014942853711545467,0
6,1490.346435546875,424.3455505371094,1575.7633056640625,758.0930786132812,0.013693669810891151,0
6,704.1672973632812,447.9319152832031,730.98583984375,482.3998718261719,0.0136733278632164,0
6,1499.5528564453125,440.0830078125,1544.993408203125,528.2545166015625,0.013520403765141964,0
6,1496.1287841796875,451.30133056640625,1532.3177490234375,524.9732666015625,0.01265737321227789,0
6,909.8005981445312,436.3711853027344,961.32080078125,570.0841064453125,0.011817658320069313,0
6,916.9882202148438,511.5867004394531,976.0745239257812,587.7645874023438,0.011570446193218231,0
6,1119.2288818359375,451.680908203125,1146.8031005859375,541.8147583007812,0.010402284562587738,0
7,1370.9688720703125,419.26300048828125,1524.4625244140625,800.498291015625,0.8559367656707764,0
7,1499.875732421875,432.99444580078125,1602.9495849609375,770.07666015625,0.767927348613739,0
7,584.72998046875,442.7471008300781,676.154541015625,711.0557250976562,0.7670681476593018,0
7,445.8655700683594,444.9745178222656,566.7837524414062,719.3219604492188,0.7308164834976196,0
7,733.4886474609375,458.0007019042969,767.2839965820312,567.7090454101562,0.5489158034324646,0
7,914.7747802734375,430.8076171875,976.4512939453125,586.4780883789062,0.3742141127586365,0
7,651.6504516601562,447.3439636230469,731.8543090820312,641.8900146484375,0.2784259617328644,0
7,1828.693115234375,470.2184143066406,1889.36474609375,649.3524780273438,0.2554852366447449,0
7,694.1375122070312,450.6784973144531,737.3214721679688,602.0850830078125,0.23008719086647034,0
7,1085.9520263671875,453.2373046875,1132.8321533203125,592.7341918945312,0.22504094243049622,0
7,1256.629150390625,436.2239685058594,1292.9393310546875,546.1075439453125,0.20090660452842712,0
7,805.4848022460938,470.6730041503906,833.4109497070312,549.102294921875,0.18309476971626282,0
7,1671.835693359375,431.5837097167969,1730.0068359375,588.902587890625,0.17078833281993866,0
7,1099.4886474609375,450.451904296875,1134.7904052734375,572.35986328125,0.16879165172576904,0
7,933.5345458984375,434.4353332519531,969.3148193359375,516.087890625,0.16800381243228912,0
7,545.41650390625,451.59832763671875,584.632568359375,557.1373901367188,0.1559324860572815,0
7,833.8075561523438,466.77099609375,875.9578857421875,550.0009155273438,0.1467723399400711,0
7,699.9686889648438,452.4004211425781,735.7908935546875,572.320556640625,0.13857384026050568,0
7,965.2606201171875,443.75445556640625,1018.0200805664062,575.6028442382812,0.1335056573152542,0
7,847.7279663085938,461.6085205078125,882.0719604492188,548.5829467773438,0.13290701806545258,0
7,1301.75244140625,417.299560546875,1346.362060546875,548.2298583984375,0.12862686812877655,0
7,873.4480590820312,448.2909851074219,907.9421997070312,551.4441528320312,0.12828712165355682,0
7,1862.5689697265625,452.3669128417969,1919.1939697265625,652.6220092773438,0.12460917979478836,0
7,1896.9635009765625,454.3638610839844,1919.3389892578125,638.588623046875,0.11391853541135788,0
7,1872.2799072265625,400.78118896484375,1919.1563720703125,651.541748046875,0.11307935416698456,0
7,974.0099487304688,441.19024658203125,1016.6123657226562,550.4708862304688,0.10407687723636627,0
7,1017.38525390625,456.7473449707031,1057.2689208984375,529.1534423828125,0.09828083962202072,0
7,1020.734130859375,475.91082763671875,1053.9132080078125,528.8501586914062,0.09022246301174164,0
7,1713.626220703125,442.59503173828125,1781.61474609375,584.4241333007812,0.08803503215312958,0
7,657.2081909179688,451.9574279785156,696.03515625,520.6898193359375,0.08429817110300064,0
7,721.6825561523438,454.9127197265625,761.6962280273438,572.1564331054688,0.07733392715454102,0
7,972.3352661132812,438.5262451171875,1005.7417602539062,523.7001953125,0.07653885334730148,0
7,672.6163940429688,455.0760498046875,734.28955078125,607.1370849609375,0.07619552314281464,0
7,825.9290771484375,468.58428955078125,864.029296875,550.3875732421875,0.07279302924871445,0
7,653.8060913085938,450.0526428222656,700.7417602539062,625.3012084960938,0.07272325456142426,0
7,1502.6719970703125,439.39892578125,1599.4754638671875,685.7459716796875,0.06177304685115814,0
7,708.8999633789062,455.1966247558594,744.146484375,583.6763305664062,0.06159764528274536,0
7,882.6326904296875,441.65545654296875,909.8482055664062,510.2424621582031,0.06062960997223854,0
7,1008.0933837890625,416.3687438964844,1060.549072265625,530.7946166992188,0.0587182343006134,0
7,1060.92822265625,442.1739807128906,1093.5220947265625,530.6316528320312,0.05641769617795944,0
7,701.501708984375,448.5967712402344,732.8945922851562,492.0072326660156,0.054091669619083405,0
7,1007.2681274414062,450.37261962890625,1051.6187744140625,527.2589721679688,0.053199652582407,0
7,1673.42333984375,420.1937255859375,1785.9024658203125,585.9345703125,0.050436150282621384,0
7,700.3773803710938,467.44464111328125,734.1478881835938,601.535400390625,0.050139572471380234,0
7,649.2061157226562,511.4122009277344,709.8931274414062,645.1879272460938,0.04962269589304924,0
7,1828.0653076171875,510.421142578125,1884.5972900390625,644.7923583984375,0.049034710973501205,0
7,411.4880676269531,465.80816650390625,441.3155822753906,516.5679321289062,0.04547015577554703,0
7,1069.563720703125,455.6800231933594,1127.3841552734375,589.88330078125,0.044973406940698624,0
7,1372.8609619140625,453.9077453613281,1410.1900634765625,563.5556640625,0.04452615603804588,0
7,1672.342529296875,481.7655944824219,1730.407470703125,587.4971923828125,0.0442643016576767,0
7,1855.115478515625,515.3232421875,1909.311767578125,654.417724609375,0.043798673897981644,0
7,1672.2806396484375,429.5666198730469,1757.6209716796875,587.5762939453125,0.04255254939198494,0
7,963.849609375,450.8592224121094,1000.41650390625,558.2197875976562,0.04059571027755737,0
7,658.7550659179688,450.4843444824219,698.0095825195312,490.9424133300781,0.040576476603746414,0
7,1056.8016357421875,430.549072265625,1083.416259765625,496.1948547363281,0.03959112614393234,0
7,470.4305419921875,477.2624816894531,561.3535766601562,720.7716674804688,0.038591112941503525,0
7,1892.3280029296875,427.26470947265625,1919.3477783203125,581.865966796875,0.03813100606203079,0
7,537.0133666992188,441.569091796875,582.9915161132812,538.8499145507812,0.03803979605436325,0
7,651.27392578125,451.5464172363281,682.6790771484375,516.6592407226562,0.03704192861914635,0
7,477.5570983886719,452.6510925292969,559.695068359375,680.1394653320312,0.03695299103856087,0
7,960.04833984375,445.5173034667969,981.2984619140625,520.5227661132812,0.035974275320768356,0
7,727.0193481445312,459.02618408203125,773.5859985351562,582.1507568359375,0.033855997025966644,0
7,651.0664672851562,524.887939453125,692.5365600585938,645.3895263671875,0.032142095267772675,0
7,1255.022216796875,418.5533752441406,1305.4212646484375,545.831787109375,0.031988125294446945,0
7,1067.7401123046875,450.43756103515625,1094.6910400390625,528.4718017578125,0.031630028039216995,0
7,631.8815307617188,458.0826416015625,686.8049926757812,653.8619384765625,0.03142283856868744,0
7,405.781494140625,481.3107604980469,442.27825927734375,529.4456787109375,0.030688777565956116,0
7,348.70819091796875,497.810791015625,418.6283874511719,567.0020141601562,0.030496569350361824,0
7,773.2611694335938,461.7323913574219,796.3394165039062,498.5428161621094,0.029690586030483246,0
7,695.5844116210938,525.82080078125,731.0676879882812,608.511474609375,0.02913241647183895,0
7,543.0344848632812,444.34423828125,581.8901977539062,511.7611083984375,0.028677642345428467,0
7,1843.9617919921875,474.7139587402344,1882.2821044921875,547.9619140625,0.028621353209018707,0
7,651.6357421875,450.4626159667969,688.3267822265625,489.1394348144531,0.028430158272385597,0
7,408.12078857421875,486.19482421875,488.7204284667969,620.1533813476562,0.02790140174329281,0
7,730.0963745117188,450.48760986328125,765.5529174804688,545.3493041992188,0.02755247987806797,0
7,1071.34326171875,437.178955078125,1092.863525390625,500.0484924316406,0.026555782184004784,0
7,432.9150695800781,450.8171081542969,506.2839660644531,694.1278076171875,0.026137253269553185,0
7,804.3810424804688,477.6947021484375,828.0855102539062,546.177978515625,0.02573464997112751,0
7,959.5313110351562,511.2843017578125,1029.0701904296875,588.5819091796875,0.025549450889229774,0
7,1057.3658447265625,478.4842529296875,1094.3037109375,534.1160888671875,0.024972498416900635,0
7,702.9462890625,447.7247619628906,731.527587890625,481.09564208984375,0.02247445657849312,0
7,910.9508056640625,442.59521484375,949.048095703125,583.7144165039062,0.020099446177482605,0
7,1155.6302490234375,436.7322998046875,1189.41357421875,523.9566040039062,0.019596369937062263,0
7,519.326904296875,495.9469299316406,562.9437255859375,667.8433227539062,0.01946285367012024,0
7,644.30078125,532.740478515625,687.1901245117188,652.28857421875,0.019196055829524994,0
7,1020.35888671875,473.4467468261719,1057.546142578125,542.6446533203125,0.018784957006573677,0
7,1883.859375,394.4762268066406,1919.33056640625,503.1205749511719,0.01768866926431656,0
7,1043.06298828125,459.93218994140625,1119.6080322265625,595.60791015625,0.016723135486245155,0
7,916.6124267578125,510.0911865234375,975.1842041015625,587.70263671875,0.016485832631587982,0
7,1833.6895751953125,507.71136474609375,1908.4039306640625,653.3867797851562,0.016372624784708023,0
7,1052.274169921875,490.6059265136719,1096.6160888671875,577.1524658203125,0.01586700789630413,0
7,1372.8299560546875,428.51953125,1420.7508544921875,561.9375,0.015124178491532803,0
7,433.6644287109375,446.3522644042969,504.5321044921875,563.7393188476562,0.014765576459467411,0
7,1118.8125,454.729736328125,1146.683349609375,544.915283203125,0.014585216529667377,0
7,418.9754638671875,459.1083068847656,453.45880126953125,517.5877685546875,0.014265992678701878,0
7,1053.484130859375,421.6430969238281,1079.70849609375,464.8735656738281,0.014090701006352901,0
7,965.0440063476562,507.1004333496094,1051.3170166015625,586.156494140625,0.013860324397683144,0
7,550.3795776367188,498.9580078125,579.3746948242188,556.124267578125,0.013766913674771786,0
7,1113.251220703125,449.8915100097656,1142.79931640625,542.8825073242188,0.012921403162181377,0
7,1882.55419921875,493.3157043457031,1919.3404541015625,652.5623168945312,0.012911845929920673,0
7,1877.9490966796875,390.8983154296875,1918.8782958984375,478.10302734375,0.012788875959813595,0
7,1039.9779052734375,502.0960693359375,1103.5968017578125,590.0817260742188,0.01237486582249403,0
7,1828.6300048828125,524.099853515625,1866.5592041015625,644.4288940429688,0.012077510356903076,0
7,410.9293212890625,446.3001708984375,441.08477783203125,519.0243530273438,0.011928710155189037,0
7,1201.1279296875,491.9982604980469,1217.52392578125,520.5772705078125,0.011754577048122883,0
7,903.7298583984375,435.5325622558594,960.5189208984375,568.3103637695312,0.01103600487112999,0
7,531.0186767578125,456.8141784667969,563.3509521484375,555.0879516601562,0.01032990776002407,0
7,1375.115966796875,407.3192138671875,1441.5399169921875,565.3575439453125,0.010268189944326878,0
7,1502.0823974609375,440.74273681640625,1552.019287109375,528.0604248046875,0.0100560849532485,0
8,1390.63818359375,413.5858154296875,1526.0406494140625,799.187255859375,0.8056169152259827,0
8,584.9263916015625,442.9205322265625,676.8416748046875,709.6185913085938,0.782263994216919,0
8,1504.7901611328125,419.7851257324219,1604.9349365234375,770.9745483398438,0.7695320844650269,0
8,448.701416015625,443.8288879394531,567.6456909179688,718.5819091796875,0.7467620372772217,0
8,733.434326171875,456.8499755859375,768.0532836914062,566.4107666015625,0.5421953797340393,0
8,914.8738403320312,427.631103515625,975.9061889648438,586.3899536132812,0.3850592374801636,0
8,697.5055541992188,450.7801208496094,735.5294189453125,590.6951904296875,0.31636783480644226,0
8,1828.757568359375,470.8224792480469,1889.3629150390625,650.2518920898438,0.2919418513774872,0
8,1256.2034912109375,439.4765625,1293.732421875,545.5424194335938,0.28871646523475647,0
8,1085.102783203125,455.3153991699219,1134.04638671875,593.3233642578125,0.2371254563331604,0
8,805.042236328125,469.2176818847656,833.6119995117188,549.7095336914062,0.1975594162940979,0
8,653.8005981445312,446.587646484375,727.3727416992188,637.7548828125,0.1947379857301712,0
8,932.1824340820312,430.1698913574219,969.7439575195312,527.1287841796875,0.17646333575248718,0
8,1301.0384521484375,417.43157958984375,1346.70849609375,547.89111328125,0.1713222712278366,0
8,833.9280395507812,466.7694396972656,873.8908081054688,549.1179809570312,0.15417318046092987,0
8,1096.2159423828125,451.3018798828125,1133.988037109375,581.364990234375,0.14587894082069397,0
8,657.8287963867188,451.4197998046875,694.9559936523438,530.2498168945312,0.14083552360534668,0
8,1671.717041015625,431.99359130859375,1725.39111328125,588.3034057617188,0.13631170988082886,0
8,656.2844848632812,450.1103515625,693.3645629882812,596.1948852539062,0.12683385610580444,0
8,670.2031860351562,452.9477233886719,736.2877807617188,608.6424560546875,0.11838033050298691,0
8,810.5117797851562,470.54876708984375,839.3424682617188,549.5800170898438,0.11809054017066956,0
8,1897.465576171875,464.4140625,1919.337890625,638.8888549804688,0.11352112144231796,0
8,1853.2574462890625,463.6803894042969,1919.2548828125,655.3338623046875,0.11052289605140686,0
8,1868.61474609375,394.7157897949219,1919.16943359375,653.1612548828125,0.107402503490448,0
8,700.5556640625,447.67071533203125,733.9618530273438,518.7374267578125,0.1068716049194336,0
8,1673.3323974609375,433.0254821777344,1764.0384521484375,590.0777587890625,0.10213290899991989,0
8,851.7521362304688,462.5999450683594,883.9526977539062,546.8048095703125,0.09988842904567719,0
8,1018.3681640625,457.9799499511719,1057.2799072265625,529.2299194335938,0.09621332585811615,0
8,1020.9100341796875,474.5581970214844,1054.4710693359375,529.076904296875,0.09505607187747955,0
8,710.4811401367188,452.6633605957031,745.3847045898438,570.7747192382812,0.09449471533298492,0
8,546.2272338867188,451.6648864746094,585.482177734375,557.1757202148438,0.09336189180612564,0
8,967.29345703125,454.713134765625,1017.4207763671875,560.8223876953125,0.09301965683698654,0
8,825.662109375,467.609619140625,860.6239013671875,550.3910522460938,0.09249179810285568,0
8,660.1759643554688,450.5164794921875,697.2072143554688,501.47454833984375,0.07946851849555969,0
8,703.8832397460938,454.26470947265625,738.1973876953125,567.1323852539062,0.07799424976110458,0
8,878.253662109375,448.29559326171875,908.8663330078125,546.9703979492188,0.07610337436199188,0
8,1706.89892578125,441.11114501953125,1782.2197265625,584.3817138671875,0.07238595932722092,0
8,978.6229248046875,446.5599060058594,1016.3589477539062,539.8872680664062,0.06617861241102219,0
8,1373.003662109375,432.3225402832031,1422.1605224609375,576.6145629882812,0.06448046118021011,0
8,1374.7940673828125,416.39154052734375,1440.4439697265625,568.4119262695312,0.05802750959992409,0
8,1831.603271484375,480.8528137207031,1907.895263671875,654.5896606445312,0.05684002488851547,0
8,1008.2893676757812,453.5301818847656,1047.9989013671875,526.3167114257812,0.05403614416718483,0
8,1074.0194091796875,469.65179443359375,1129.2398681640625,593.6270141601562,0.054018449038267136,0
8,652.3517456054688,451.4772033691406,682.5775146484375,519.215576171875,0.05125437676906586,0
8,652.8627319335938,450.1156311035156,688.2549438476562,496.5130920410156,0.050083234906196594,0
8,905.9022827148438,435.8619689941406,963.619873046875,586.3563232421875,0.04730411618947983,0
8,469.0551452636719,475.2422790527344,562.3544921875,720.9631958007812,0.046422261744737625,0
8,1062.4405517578125,441.2478332519531,1092.47021484375,527.7891235351562,0.04591122269630432,0
8,802.0255737304688,461.0157470703125,829.9341430664062,509.2729187011719,0.044075049459934235,0
8,972.2459106445312,439.46978759765625,1005.2396850585938,525.8681640625,0.043866001069545746,0
8,1011.0027465820312,416.5207214355469,1061.45947265625,530.0667724609375,0.041578274220228195,0
8,1853.5821533203125,523.5535278320312,1908.2142333984375,655.4423828125,0.04145427793264389,0
8,413.5199890136719,465.2481384277344,442.0196228027344,518.3688354492188,0.04076952859759331,0
8,1255.7091064453125,419.6078186035156,1304.5377197265625,546.0455932617188,0.03840521723031998,0
8,962.7044677734375,465.32501220703125,1018.9595947265625,582.8983154296875,0.03758722171187401,0
8,772.8041381835938,461.7959289550781,796.4833374023438,498.3078918457031,0.036639392375946045,0
8,959.1588134765625,444.4151916503906,980.44775390625,519.7467651367188,0.03396162390708923,0
8,1375.84716796875,447.0125427246094,1411.307373046875,563.9187622070312,0.03313499689102173,0
8,1377.431884765625,447.0414733886719,1414.918701171875,593.3705444335938,0.033081188797950745,0
8,1058.3607177734375,429.4334411621094,1084.2529296875,495.4495544433594,0.032917723059654236,0
8,702.1295166015625,447.2821960449219,731.7362060546875,483.4947814941406,0.0321807898581028,0
8,963.6331787109375,448.21563720703125,993.56982421875,553.774658203125,0.03195842728018761,0
8,628.5034790039062,457.34344482421875,687.6817016601562,657.7476196289062,0.03164099529385567,0
8,345.3270263671875,498.0650329589844,419.8973693847656,566.6270141601562,0.031182946637272835,0
8,1673.4566650390625,416.4775085449219,1788.9808349609375,585.666015625,0.030898749828338623,0
8,729.0173950195312,458.7295837402344,773.9285888671875,580.7902221679688,0.029161211103200912,0
8,1101.9935302734375,443.35162353515625,1132.944580078125,531.8889770507812,0.02896406315267086,0
8,1892.8253173828125,423.07958984375,1919.243408203125,529.031005859375,0.02869958057999611,0
8,407.1895751953125,487.9895324707031,488.1911315917969,620.9909057617188,0.028300918638706207,0
8,884.1051635742188,440.3554992675781,908.9917602539062,487.1708984375,0.02828483283519745,0
8,435.6123962402344,448.5464172363281,499.2375183105469,671.1808471679688,0.028238482773303986,0
8,1069.0291748046875,451.7917785644531,1093.1705322265625,515.0222778320312,0.02780129201710224,0
8,1510.8905029296875,435.27886962890625,1553.844482421875,527.2069702148438,0.026285048574209213,0
8,1381.11328125,448.9501647949219,1422.76025390625,618.5076293945312,0.025912905111908913,0
8,1843.2425537109375,473.5155944824219,1882.7186279296875,539.8246459960938,0.024645516648888588,0
8,874.1041259765625,485.0845642089844,906.3724365234375,549.6678466796875,0.024551529437303543,0
8,408.4822082519531,483.5733947753906,443.4972839355469,528.9783935546875,0.023777339607477188,0
8,1070.83447265625,437.32965087890625,1092.754150390625,499.3736572265625,0.023656781762838364,0
8,542.755859375,443.1210021972656,583.1822509765625,510.2518615722656,0.022570163011550903,0
8,436.4282531738281,445.786865234375,496.90020751953125,556.9998168945312,0.022423699498176575,0
8,550.6979370117188,481.80517578125,582.71923828125,555.0742797851562,0.022102341055870056,0
8,1157.4471435546875,436.9815673828125,1188.518310546875,523.55517578125,0.021726110950112343,0
8,522.3936157226562,497.6004943847656,563.8582153320312,676.5579833984375,0.02051709033548832,0
8,534.2633666992188,440.8058166503906,582.920166015625,571.0173950195312,0.02033843845129013,0
8,408.8550109863281,507.79412841796875,470.8270568847656,620.572509765625,0.019041340798139572,0
8,411.2698059082031,535.5989379882812,480.1240539550781,621.9918823242188,0.01845787651836872,0
8,640.4769287109375,449.3078918457031,677.0555419921875,543.1704711914062,0.018393170088529587,0
8,1059.181396484375,456.2975769042969,1128.3648681640625,595.2843017578125,0.01747138798236847,0
8,917.1174926757812,510.8507080078125,975.7830200195312,587.2708740234375,0.01731724850833416,0
8,645.6055908203125,535.4649047851562,693.451416015625,654.7572021484375,0.01709350384771824,0
8,1883.6961669921875,393.78387451171875,1919.31494140625,502.38262939453125,0.016797486692667007,0
8,1880.0263671875,488.843017578125,1919.325927734375,652.7825317382812,0.016384311020374298,0
8,1490.3917236328125,437.9046936035156,1519.8204345703125,499.6094055175781,0.01443031057715416,0
8,422.28662109375,457.3998718261719,455.82879638671875,518.7144775390625,0.01391990203410387,0
8,1828.465576171875,519.3818359375,1868.4814453125,644.91162109375,0.013841812498867512,0
8,1053.920654296875,421.1421203613281,1078.8834228515625,462.7568664550781,0.013772094622254372,0
8,1058.4990234375,479.67315673828125,1092.752197265625,532.614990234375,0.01369607262313366,0
8,1676.0086669921875,428.23455810546875,1782.3973388671875,635.1188354492188,0.01340719684958458,0
8,1200.75439453125,490.64776611328125,1218.0360107421875,520.5863037109375,0.013335521332919598,0
8,434.6238098144531,444.1253356933594,557.991455078125,670.0812377929688,0.013057013042271137,0
8,958.9757080078125,492.3884582519531,1014.2360229492188,586.9085083007812,0.01276145875453949,0
8,1489.9541015625,442.6881408691406,1523.2650146484375,560.620849609375,0.011634665541350842,0
8,1873.87646484375,392.5452575683594,1918.54833984375,490.8937683105469,0.01156493928283453,0
8,960.70849609375,512.0927734375,1021.4861450195312,583.3779296875,0.011289755813777447,0
8,423.20135498046875,485.45745849609375,454.02313232421875,527.96044921875,0.011123486794531345,0
8,1162.874267578125,432.2227478027344,1192.3350830078125,522.953125,0.010729502886533737,0
8,1707.003662109375,439.1806640625,1772.9501953125,513.9454345703125,0.010672248899936676,0
8,1512.085693359375,435.0491638183594,1602.4676513671875,702.0465698242188,0.01064737606793642,0
8,1727.18896484375,443.7967529296875,1777.2239990234375,513.5004272460938,0.010343804955482483,0
8,334.45855712890625,493.3719177246094,383.7432861328125,566.3518676757812,0.010099492035806179,0
9,585.4281616210938,442.4783020019531,675.9036865234375,710.7401733398438,0.7792852520942688,0
9,1511.931884765625,422.71893310546875,1607.178955078125,769.3789672851562,0.7485401630401611,0
9,1403.9197998046875,407.1834411621094,1530.9759521484375,800.0831909179688,0.7453225255012512,0
9,457.0511474609375,444.18914794921875,569.124755859375,718.3603515625,0.7433640360832214,0
9,732.90771484375,456.9767761230469,768.47607421875,568.5744018554688,0.5346364974975586,0
9,699.2664184570312,451.4523010253906,735.4092407226562,585.4722900390625,0.3397194743156433,0
9,1083.692626953125,456.44219970703125,1130.9027099609375,592.6168212890625,0.24217212200164795,0
9,1377.746826171875,435.3235778808594,1422.7720947265625,566.5738525390625,0.23654060065746307,0
9,805.3218383789062,466.5738220214844,833.6735229492188,549.2404174804688,0.23427285254001617,0
9,653.5792846679688,445.34619140625,728.5587768554688,641.6244506835938,0.22918280959129333,0
9,1255.9281005859375,436.6048278808594,1291.852294921875,545.1495361328125,0.2287505567073822,0
9,1830.7064208984375,465.6925354003906,1891.0235595703125,649.4880981445312,0.1890348643064499,0
9,915.6264038085938,431.3687438964844,974.9917602539062,588.0924682617188,0.17144030332565308,0
9,1097.558349609375,450.4673767089844,1133.1624755859375,571.4735107421875,0.163540780544281,0
9,687.11572265625,450.14093017578125,738.1499633789062,601.1162109375,0.15832488238811493,0
9,1850.19873046875,395.6596984863281,1919.26611328125,653.4972534179688,0.15669263899326324,0
9,1301.2625732421875,417.8908996582031,1346.5595703125,548.6580200195312,0.14891281723976135,0
9,834.5524291992188,466.2828369140625,875.1963500976562,547.8543090820312,0.14834557473659515,0
9,658.4517822265625,449.7658996582031,697.771484375,525.654296875,0.14075309038162231,0
9,933.5586547851562,433.04315185546875,968.1663208007812,514.754150390625,0.13448375463485718,0
9,655.7177734375,448.6438293457031,697.4263916015625,622.0748291015625,0.13023161888122559,0
9,851.06640625,461.9330749511719,881.751953125,547.0895385742188,0.12527470290660858,0
9,969.9309692382812,459.79925537109375,1018.1146240234375,556.0778198242188,0.11302350461483002,0
9,1851.056396484375,469.81732177734375,1918.380615234375,655.3848266601562,0.10991939902305603,0
9,544.41943359375,448.7621154785156,585.6168823242188,556.9949951171875,0.10409066081047058,0
9,1870.399658203125,391.25921630859375,1919.373779296875,649.7501831054688,0.09644315391778946,0
9,1670.8077392578125,434.63360595703125,1722.0487060546875,588.4645385742188,0.09119444340467453,0
9,660.5579833984375,448.97845458984375,699.8024291992188,500.7060241699219,0.09074757248163223,0
9,874.35009765625,470.0085754394531,907.873046875,548.897705078125,0.08827897161245346,0
9,1896.8455810546875,438.51800537109375,1919.3975830078125,639.613037109375,0.08620940148830414,0
9,1674.4661865234375,435.071044921875,1773.659912109375,590.7777099609375,0.08576830476522446,0
9,1015.9850463867188,459.43341064453125,1056.6966552734375,528.3268432617188,0.0833420380949974,0
9,701.61669921875,448.65325927734375,733.1861572265625,502.189453125,0.0791315883398056,0
9,1020.0269165039062,479.40435791015625,1054.0533447265625,528.4718627929688,0.07721411436796188,0
9,1898.98876953125,484.3678283691406,1919.2838134765625,643.8181762695312,0.0770418643951416,0
9,707.4082641601562,451.12811279296875,746.9981689453125,586.677490234375,0.07177428156137466,0
9,978.9943237304688,450.76812744140625,1015.8831176757812,530.0137939453125,0.06879003345966339,0
9,411.7539367675781,464.3960266113281,440.9902038574219,517.812255859375,0.06739512085914612,0
9,963.75146484375,455.5573425292969,1019.4312744140625,583.7391967773438,0.06680664420127869,0
9,437.91705322265625,453.072509765625,487.6385192871094,610.34033203125,0.06545691192150116,0
9,823.6796264648438,466.6592102050781,859.6276245117188,550.0530395507812,0.0632798820734024,0
9,802.9790649414062,460.73345947265625,829.0648193359375,508.90338134765625,0.06285897642374039,0
9,728.2401123046875,456.1322937011719,773.7616577148438,581.924560546875,0.06225677952170372,0
9,1703.3353271484375,444.240966796875,1782.822509765625,583.0858764648438,0.059812553226947784,0
9,878.5045166015625,447.89007568359375,911.7747802734375,552.9617309570312,0.05866815149784088,0
9,662.8352661132812,451.4208068847656,733.3906860351562,607.7327880859375,0.05835188925266266,0
9,773.781005859375,461.1643981933594,796.108154296875,498.57440185546875,0.05731963366270065,0
9,1853.2547607421875,530.5719604492188,1906.5325927734375,654.741455078125,0.05259376019239426,0
9,651.6796875,449.0570068359375,690.4813842773438,502.12591552734375,0.04937504231929779,0
9,406.2757873535156,474.08917236328125,443.35015869140625,529.72119140625,0.04782108590006828,0
9,650.9801025390625,451.1827697753906,679.3995361328125,518.3163452148438,0.04516783729195595,0
9,1818.6944580078125,478.8164978027344,1885.6986083984375,637.89111328125,0.04393278807401657,0
9,1103.709716796875,442.4052734375,1132.1573486328125,525.9312133789062,0.04145514965057373,0
9,1257.0467529296875,418.57965087890625,1304.2506103515625,545.4635009765625,0.03824693709611893,0
9,703.9099731445312,448.409912109375,732.5462036132812,482.2086181640625,0.03807932883501053,0
9,730.661865234375,450.5522766113281,766.2516479492188,537.510498046875,0.03737592324614525,0
9,852.6742553710938,468.3148498535156,888.8606567382812,549.9302368164062,0.035104285925626755,0
9,1519.3818359375,443.9477233886719,1605.1656494140625,665.3200073242188,0.0342717170715332,0
9,649.02490234375,529.654541015625,693.5944213867188,648.3521118164062,0.03338324651122093,0
9,533.0980224609375,437.5031433105469,582.4288330078125,591.5352783203125,0.03166472539305687,0
9,963.9995727539062,463.5205078125,1001.1055297851562,545.9984130859375,0.031492557376623154,0
9,1845.4765625,471.2780456542969,1882.6956787109375,542.54248046875,0.03141310065984726,0
9,1889.7532958984375,417.3665771484375,1919.2164306640625,526.4080810546875,0.03046606108546257,0
9,977.24658203125,439.4944152832031,1012.1312866210938,523.5106811523438,0.03020957112312317,0
9,881.7960815429688,442.4813537597656,909.616943359375,521.340576171875,0.029336757957935333,0
9,628.582763671875,460.405517578125,688.4014282226562,658.316162109375,0.028964318335056305,0
9,916.5393676757812,510.6015930175781,977.7266235351562,586.9896850585938,0.02707798220217228,0
9,406.7891540527344,486.81353759765625,489.36981201171875,616.6746826171875,0.027043066918849945,0
9,962.2518310546875,446.5509338378906,984.103271484375,520.5011596679688,0.025957416743040085,0
9,1008.935546875,433.5782775878906,1056.3665771484375,525.4481201171875,0.02561243437230587,0
9,1071.2879638671875,452.7301940917969,1093.115478515625,534.1622924804688,0.024959184229373932,0
9,540.0318603515625,441.4310302734375,582.2644653320312,510.9152526855469,0.024538468569517136,0
9,418.9104309082031,458.7425537109375,452.0380554199219,518.9058837890625,0.024425214156508446,0
9,1071.327392578125,479.6513977050781,1128.0655517578125,594.3291625976562,0.02332681603729725,0
9,1063.2864990234375,454.3407897949219,1090.8074951171875,523.140625,0.023029204457998276,0
9,826.6907958984375,461.5727233886719,870.6357421875,550.331787109375,0.022390156984329224,0
9,356.78778076171875,499.19000244140625,426.69708251953125,563.1470947265625,0.021450107917189598,0
9,1825.0174560546875,533.6682739257812,1873.56640625,642.3726806640625,0.02137274667620659,0
9,1876.4091796875,390.12103271484375,1918.992919921875,593.841796875,0.021281249821186066,0
9,1882.461181640625,393.936767578125,1919.315185546875,509.3924560546875,0.020981336012482643,0
9,1072.442138671875,439.1759033203125,1092.5159912109375,494.4378662109375,0.020523063838481903,0
9,439.39263916015625,448.3321838378906,501.9210510253906,560.2053833007812,0.020305301994085312,0
9,1058.52294921875,433.00189208984375,1079.75390625,482.415283203125,0.019993839785456657,0
9,523.5655517578125,487.89422607421875,564.7402954101562,688.620849609375,0.019944800063967705,0
9,1200.913330078125,488.0204772949219,1218.489501953125,520.8587646484375,0.019317559897899628,0
9,1517.1790771484375,437.13482666015625,1551.0784912109375,498.3189697265625,0.018581915646791458,0
9,1068.040771484375,445.3582763671875,1098.212890625,535.345458984375,0.018227430060505867,0
9,419.5816955566406,481.7477722167969,453.1828308105469,528.8036499023438,0.016488654538989067,0
9,429.31805419921875,450.67156982421875,542.9534912109375,638.540771484375,0.01632440835237503,0
9,1162.452392578125,436.62359619140625,1191.9261474609375,523.6649780273438,0.01596110686659813,0
9,409.5931091308594,507.83587646484375,469.2038269042969,617.5266723632812,0.015914276242256165,0
9,1045.9127197265625,501.92120361328125,1094.2923583984375,587.4834594726562,0.015799138695001602,0
9,1157.970458984375,443.1697998046875,1186.7509765625,524.5565185546875,0.01577235758304596,0
9,960.37646484375,503.1177062988281,1017.7122802734375,587.68017578125,0.015218820422887802,0
9,1381.3115234375,422.8761291503906,1444.0595703125,561.0597534179688,0.015065260231494904,0
9,479.58636474609375,452.1485595703125,559.3863525390625,703.51025390625,0.014523678459227085,0
9,639.4535522460938,449.57720947265625,673.9129028320312,541.4745483398438,0.013698449358344078,0
9,1056.2998046875,484.6584777832031,1091.552734375,533.3222045898438,0.013081498444080353,0
9,531.2809448242188,454.05908203125,562.9025268554688,552.2084350585938,0.012416305020451546,0
9,1036.1588134765625,518.0160522460938,1096.7340087890625,590.5147705078125,0.012331116944551468,0
9,1886.173095703125,502.2406311035156,1919.265380859375,652.1093139648438,0.012188506312668324,0
9,966.246826171875,508.0691833496094,1050.93310546875,587.2706909179688,0.011711550876498222,0
9,904.0008544921875,466.0101013183594,934.4866333007812,582.2194213867188,0.011684024706482887,0
9,307.9596862792969,458.6040344238281,348.9063720703125,565.0448608398438,0.01143805030733347,0
9,776.7075805664062,452.927978515625,796.9982299804688,482.8455810546875,0.011381946504116058,0
9,1722.3135986328125,445.3841247558594,1777.5982666015625,512.5645751953125,0.011192028410732746,0
9,1878.3458251953125,391.1542053222656,1919.308349609375,477.4525451660156,0.011097307316958904,0
9,1001.7857666015625,417.392333984375,1049.484375,522.2200317382812,0.01103740930557251,0
9,302.89794921875,481.1728820800781,342.3853454589844,563.6708374023438,0.010815367102622986,0
9,533.9996337890625,444.9434814453125,566.0064697265625,509.5501403808594,0.01028029341250658,0
9,1857.02197265625,401.1731872558594,1918.3758544921875,555.4224243164062,0.010216284543275833,0
10,1418.873046875,416.14251708984375,1537.75390625,792.1272583007812,0.7915070056915283,0
10,585.3875122070312,442.89678955078125,677.15478515625,710.8800659179688,0.7822563648223877,0
10,457.19879150390625,443.79583740234375,571.2041015625,718.191650390625,0.7179179787635803,0
10,1502.82763671875,417.12982177734375,1619.7869873046875,774.9847412109375,0.6691009402275085,0
10,732.498291015625,457.77008056640625,768.8319091796875,566.8562622070312,0.5201523900032043,0
10,699.6277465820312,452.6256408691406,735.5424194335938,591.4991455078125,0.31166017055511475,0
10,1081.6048583984375,456.8085021972656,1131.4798583984375,592.8461303710938,0.277438759803772,0
10,1378.02880859375,435.84283447265625,1424.79248046875,562.0214233398438,0.2665571868419647,0
10,1257.482666015625,442.0000305175781,1296.721435546875,547.5997924804688,0.22928941249847412,0
10,1830.9976806640625,467.4244079589844,1890.4718017578125,648.2180786132812,0.21917816996574402,0
10,804.513427734375,466.80377197265625,833.861572265625,548.3727416992188,0.2184678018093109,0
10,654.5007934570312,448.7223815917969,718.3802490234375,644.7338256835938,0.21421223878860474,0
10,1093.4169921875,450.5021667480469,1133.507568359375,578.2981567382812,0.1798676699399948,0
10,914.9520263671875,429.9872131347656,977.3031005859375,585.2449951171875,0.1747847944498062,0
10,832.34619140625,467.086669921875,876.3958740234375,549.945556640625,0.15011045336723328,0
10,1017.8322143554688,462.0084533691406,1057.8304443359375,528.3634033203125,0.1486063152551651,0
10,705.436767578125,452.6020202636719,739.7049560546875,573.4915161132812,0.14555752277374268,0
10,1303.1881103515625,416.9149475097656,1345.26611328125,549.0952758789062,0.13878314197063446,0
10,678.3150634765625,456.26129150390625,737.1952514648438,608.5387573242188,0.13820084929466248,0
10,1853.1903076171875,464.90496826171875,1919.3419189453125,654.2625732421875,0.12425611913204193,0
10,656.7174072265625,448.5204162597656,700.5510864257812,616.3704223632812,0.12334103137254715,0
10,809.2716064453125,467.98150634765625,839.6689453125,548.8406982421875,0.12204335629940033,0
10,659.7140502929688,449.55963134765625,699.0885009765625,525.7772827148438,0.12015380710363388,0
10,1862.5155029296875,393.6385803222656,1919.2034912109375,652.87646484375,0.11954434216022491,0
10,1253.80517578125,441.55279541015625,1288.2711181640625,542.0033569335938,0.1181272491812706,0
10,971.35546875,460.8683166503906,1017.311279296875,542.8991088867188,0.11675417423248291,0
10,849.9212036132812,462.270263671875,883.1621704101562,549.6264038085938,0.11125262081623077,0
10,437.2632751464844,449.8699951171875,490.7165222167969,614.9736328125,0.11041156947612762,0
10,933.3109741210938,432.2164611816406,968.50732421875,516.2508544921875,0.1051894798874855,0
10,979.133056640625,453.0240173339844,1016.1822509765625,530.8679809570312,0.09057200700044632,0
10,1020.3777465820312,480.2359619140625,1056.1671142578125,528.8519897460938,0.08763968199491501,0
10,412.1271057128906,464.1155090332031,444.0788269042969,516.2115478515625,0.08342231810092926,0
10,543.1483154296875,442.6004333496094,584.3963012695312,546.9638671875,0.08277333527803421,0
10,1898.1181640625,452.40740966796875,1919.366455078125,638.7409057617188,0.07847294211387634,0
10,1691.685791015625,440.473388671875,1781.480712890625,583.94970703125,0.07847221195697784,0
10,823.7647705078125,467.0955505371094,863.771484375,550.2069091796875,0.07670994102954865,0
10,660.9091796875,448.6804504394531,701.1065063476562,498.3278503417969,0.07255154103040695,0
10,408.1546325683594,471.8275451660156,447.9522399902344,529.4740600585938,0.07239889353513718,0
10,916.916259765625,486.9664306640625,978.6129150390625,586.7638549804688,0.07145943492650986,0
10,1892.6033935546875,425.4656982421875,1919.4063720703125,638.6015625,0.06878945976495743,0
10,872.6777954101562,472.75469970703125,907.6732788085938,550.354248046875,0.0660758763551712,0
10,533.6539916992188,435.02099609375,580.8153686523438,558.7040405273438,0.06530766189098358,0
10,963.6031494140625,455.95477294921875,1020.4894409179688,583.51171875,0.06468706578016281,0
10,1853.7681884765625,530.1441650390625,1907.0504150390625,654.1617431640625,0.06435125321149826,0
10,803.2051391601562,460.8522033691406,829.1134643554688,507.0140075683594,0.06390482187271118,0
10,702.3604125976562,449.73065185546875,733.4539184570312,497.5055236816406,0.05822492390871048,0
10,773.92236328125,461.3359069824219,796.2039184570312,497.7603454589844,0.057994991540908813,0
10,877.4829711914062,453.3084411621094,909.29736328125,549.7930297851562,0.05768986791372299,0
10,1376.980224609375,449.6982421875,1411.556396484375,561.0554809570312,0.056289464235305786,0
10,1527.3504638671875,432.928466796875,1614.204345703125,693.3778686523438,0.05495070666074753,0
10,539.5482788085938,440.221923828125,582.0393676757812,507.9391784667969,0.05414265766739845,0
10,656.5037841796875,451.32147216796875,735.5978393554688,621.322998046875,0.05231228470802307,0
10,727.7571411132812,458.34686279296875,774.0228881835938,585.7201538085938,0.05182870477437973,0
10,428.71435546875,448.02081298828125,517.2637939453125,626.859619140625,0.04615078493952751,0
10,405.1635437011719,479.0261535644531,490.16339111328125,616.091552734375,0.04241616278886795,0
10,652.1728515625,449.74542236328125,685.4458618164062,494.3392028808594,0.0411914624273777,0
10,1669.0693359375,433.7190856933594,1717.7362060546875,587.638427734375,0.039302729070186615,0
10,1101.236572265625,442.19073486328125,1133.524658203125,563.0833740234375,0.0390312634408474,0
10,1516.6827392578125,437.00701904296875,1546.9937744140625,489.574951171875,0.03434288874268532,0
10,522.459228515625,479.3967590332031,564.9255981445312,706.3680419921875,0.033397018909454346,0
10,695.3614501953125,536.7473754882812,730.5469970703125,606.0590209960938,0.033137623220682144,0
10,1070.9534912109375,451.98101806640625,1094.1295166015625,583.7969970703125,0.032942034304142,0
10,842.0084838867188,470.9603576660156,888.4070434570312,551.6577758789062,0.03287947550415993,0
10,408.71942138671875,501.8211364746094,465.8451232910156,616.961669921875,0.032824330031871796,0
10,409.97314453125,535.8423461914062,476.9410400390625,620.60595703125,0.032295119017362595,0
10,1530.544921875,432.65020751953125,1564.2564697265625,483.37005615234375,0.031335774809122086,0
10,621.7302856445312,460.3389587402344,687.9390258789062,660.5286254882812,0.031094089150428772,0
10,414.82965087890625,458.50927734375,451.043701171875,518.2384643554688,0.03102754056453705,0
10,706.1093139648438,449.4051818847656,732.849853515625,480.3040466308594,0.030287649482488632,0
10,1890.2447509765625,412.28045654296875,1919.254150390625,525.0514526367188,0.0292571559548378,0
10,651.103271484375,451.53326416015625,678.303955078125,517.3818359375,0.02910832315683365,0
10,1256.8099365234375,418.4952392578125,1305.28271484375,545.6962280273438,0.028637995943427086,0
10,438.5738830566406,447.43798828125,507.8642883300781,575.7550659179688,0.028127534314990044,0
10,964.361572265625,468.58795166015625,1001.70263671875,544.3020629882812,0.02789693884551525,0
10,650.0926513671875,505.0008544921875,703.6709594726562,648.3601684570312,0.027553720399737358,0
10,1675.26708984375,438.36126708984375,1711.8076171875,512.1432495117188,0.025932375341653824,0
10,650.3694458007812,528.8197631835938,692.5899047851562,649.7675170898438,0.025681622326374054,0
10,349.1374816894531,499.9827575683594,425.1907043457031,567.1707153320312,0.02567208930850029,0
10,1684.3839111328125,449.2185974121094,1728.7137451171875,584.903564453125,0.02328992821276188,0
10,963.6128540039062,445.86456298828125,986.0912475585938,534.3759765625,0.022413328289985657,0
10,1531.735595703125,433.7156982421875,1606.6202392578125,551.6310424804688,0.02220859006047249,0
10,534.8507080078125,443.8737487792969,567.344970703125,508.3160705566406,0.02172902226448059,0
10,1674.0311279296875,427.2408142089844,1787.5447998046875,633.9042358398438,0.02124888077378273,0
10,1844.5634765625,470.46588134765625,1883.1859130859375,541.2332153320312,0.021162714809179306,0
10,702.169189453125,468.5259704589844,784.7704467773438,651.9148559570312,0.020530300214886665,0
10,1883.1903076171875,394.0774230957031,1919.2855224609375,503.1666259765625,0.02049534022808075,0
10,1064.8631591796875,457.1337890625,1090.4404296875,522.7321166992188,0.020379221066832542,0
10,1529.48046875,419.76666259765625,1646.4500732421875,684.9598388671875,0.019924677908420563,0
10,883.3399658203125,442.2886962890625,908.255859375,485.4060974121094,0.019847538322210312,0
10,957.0069580078125,441.05859375,985.921142578125,525.5240478515625,0.019774295389652252,0
10,1825.7208251953125,532.0315551757812,1872.2596435546875,641.0862426757812,0.019260669127106667,0
10,1201.0162353515625,488.13299560546875,1218.870849609375,521.035400390625,0.0190932285040617,0
10,1396.7626953125,470.413330078125,1432.2196044921875,599.4144287109375,0.01865897700190544,0
10,1012.853759765625,431.7334289550781,1060.8043212890625,530.4472045898438,0.018082186579704285,0
10,1072.28955078125,439.3902282714844,1092.371826171875,494.7426452636719,0.018003931269049644,0
10,1060.433837890625,434.7794494628906,1080.642822265625,481.0362854003906,0.017635349184274673,0
10,531.9176635742188,448.1192321777344,562.7632446289062,545.1240234375,0.01670547015964985,0
10,1382.7938232421875,433.8164978027344,1447.3201904296875,559.9049072265625,0.016357634216547012,0
10,966.3948364257812,445.0774841308594,1017.3126220703125,552.8075561523438,0.01632445491850376,0
10,1069.856689453125,446.2488098144531,1101.63427734375,543.983154296875,0.016146061941981316,0
10,531.0269165039062,480.92266845703125,584.461669921875,698.75537109375,0.01606491021811962,0
10,1038.4168701171875,467.69146728515625,1125.9757080078125,596.7280883789062,0.016060026362538338,0
10,1514.6851806640625,437.8399658203125,1546.2177734375,518.2384643554688,0.015752198174595833,0
10,962.2789306640625,493.2983093261719,1018.502197265625,585.8471069335938,0.015045328997075558,0
10,1867.8665771484375,499.3050231933594,1919.2628173828125,652.710693359375,0.014606690965592861,0
10,966.2823486328125,503.0076904296875,1057.587646484375,588.29150390625,0.014055490493774414,0
10,1158.2447509765625,444.6382141113281,1186.059814453125,524.3582763671875,0.013898045755922794,0
10,1043.230224609375,499.9895324707031,1093.8087158203125,588.8485717773438,0.013520091772079468,0
10,1162.6190185546875,436.7062683105469,1191.708251953125,523.5877685546875,0.01294224988669157,0
10,1057.08349609375,483.94390869140625,1091.0950927734375,534.3107299804688,0.012941031716763973,0
10,1395.8880615234375,449.25164794921875,1431.589599609375,560.2157592773438,0.012904969044029713,0
10,1719.0272216796875,445.481689453125,1777.804443359375,513.2581787109375,0.012500626035034657,0
10,1034.456298828125,517.6787109375,1102.761474609375,592.06640625,0.012324712239205837,0
10,480.6368713378906,451.8130187988281,557.2894897460938,699.439697265625,0.011739354580640793,0
10,1704.0880126953125,439.39434814453125,1772.482666015625,513.4418334960938,0.011284157633781433,0
10,903.0122680664062,471.9031677246094,934.4390258789062,583.0214233398438,0.011010688729584217,0
10,1668.2127685546875,501.4765319824219,1703.0555419921875,587.1625366210938,0.010978459380567074,0
11,1532.7744140625,420.328125,1625.846923828125,766.976806640625,0.7953546643257141,0
11,586.0897216796875,442.89019775390625,677.200439453125,709.1310424804688,0.7705285549163818,0
11,1426.8980712890625,412.4989929199219,1548.24072265625,798.6720581054688,0.7690714001655579,0
11,453.8247375488281,442.2779846191406,569.7545776367188,718.8435668945312,0.689428448677063,0
11,732.3904418945312,459.047607421875,770.0636596679688,570.0020141601562,0.5667616724967957,0
11,1255.8753662109375,441.9423828125,1293.433349609375,544.8565063476562,0.35440951585769653,0
11,1081.729736328125,456.2082824707031,1131.8939208984375,593.7376708984375,0.2999357581138611,0
11,698.2919311523438,452.67681884765625,735.8272705078125,586.7190551757812,0.2504575848579407,0
11,804.5744018554688,466.6214904785156,833.994873046875,548.9916381835938,0.24172136187553406,0
11,655.0867309570312,445.1369934082031,729.383056640625,642.307861328125,0.23396947979927063,0
11,1830.986328125,467.0562744140625,1892.9964599609375,648.9992065429688,0.23289728164672852,0
11,1380.6417236328125,437.7908020019531,1425.5833740234375,562.6113891601562,0.23169365525245667,0
11,914.5679321289062,429.28125,976.3078002929688,585.2122192382812,0.20531339943408966,0
11,1093.6138916015625,450.3714294433594,1133.3353271484375,583.0245361328125,0.18329021334648132,0
11,833.1170654296875,466.7951965332031,876.5028076171875,550.1889038085938,0.1732117086648941,0
11,1302.780517578125,416.99945068359375,1344.8017578125,548.8320922851562,0.17222316563129425,0
11,969.9006958007812,452.63507080078125,1017.5839233398438,555.4075927734375,0.15735536813735962,0
11,684.626953125,451.0022277832031,737.4404296875,602.1992797851562,0.15059074759483337,0
11,665.5680541992188,455.2210693359375,734.25,609.14794921875,0.13722963631153107,0
11,438.4896240234375,449.42413330078125,490.0236511230469,616.8875122070312,0.1312728077173233,0
11,1851.686767578125,458.9836120605469,1919.328857421875,654.675537109375,0.12397169321775436,0
11,933.249267578125,431.6492614746094,968.9832153320312,521.2387084960938,0.12154567241668701,0
11,849.8972778320312,461.8756103515625,883.2340087890625,550.3189086914062,0.12111809104681015,0
11,1669.6212158203125,437.2758483886719,1720.1341552734375,588.1060180664062,0.12041396647691727,0
11,977.71875,446.835205078125,1016.15478515625,537.8527221679688,0.11461710929870605,0
11,1862.701904296875,392.37445068359375,1919.21484375,653.008056640625,0.11446833610534668,0
11,412.4451904296875,463.944580078125,444.2886047363281,517.5465698242188,0.1035701185464859,0
11,409.8161315917969,471.26495361328125,449.3200378417969,529.7113037109375,0.09843548387289047,0
11,1672.4578857421875,436.17169189453125,1772.8941650390625,590.6380004882812,0.0948997437953949,0
11,963.6407470703125,448.9745178222656,1019.4741821289062,581.2529907226562,0.09463716298341751,0
11,660.7310180664062,450.46484375,699.7031860351562,516.978515625,0.09039988368749619,0
11,873.126953125,470.0896911621094,908.2965698242188,550.148681640625,0.08663894236087799,0
11,716.5693359375,454.53094482421875,760.8976440429688,572.347412109375,0.08519650995731354,0
11,824.8244018554688,466.8847351074219,862.6312866210938,550.4173583984375,0.08398795127868652,0
11,657.5000610351562,449.2306823730469,701.7744140625,605.8350219726562,0.08306410163640976,0
11,1897.81787109375,447.652587890625,1919.37158203125,638.1148681640625,0.08210454136133194,0
11,1016.7626953125,457.51409912109375,1058.3961181640625,529.4091796875,0.08089905232191086,0
11,542.3053588867188,441.9690856933594,583.9845581054688,551.9307861328125,0.07518628239631653,0
11,1852.9639892578125,527.7135009765625,1906.259765625,654.7589721679688,0.07316888868808746,0
11,1892.1903076171875,420.6438903808594,1919.413330078125,638.2138061523438,0.07226966321468353,0
11,405.5032653808594,476.4988708496094,484.0716247558594,617.0527954101562,0.06908679008483887,0
11,1699.757080078125,442.87664794921875,1780.585693359375,585.9036254882812,0.06884638220071793,0
11,803.373046875,461.2304382324219,829.4044189453125,509.4635314941406,0.06878747045993805,0
11,878.2847900390625,446.4755859375,911.46240234375,553.1752319335938,0.06421524286270142,0
11,534.4491577148438,434.03814697265625,582.0265502929688,682.3013916015625,0.06211031973361969,0
11,661.0530395507812,449.1540832519531,701.2490844726562,494.6799621582031,0.05942702293395996,0
11,711.445068359375,455.6223449707031,744.8340454101562,568.1318359375,0.05811057984828949,0
11,773.4715576171875,461.971435546875,796.02685546875,498.3486328125,0.057875458151102066,0
11,526.0650024414062,482.3744201660156,566.3487548828125,709.2964477539062,0.054908186197280884,0
11,1383.7078857421875,440.061767578125,1440.1541748046875,565.6052856445312,0.050168123096227646,0
11,429.97076416015625,446.88079833984375,515.3001098632812,628.18359375,0.04781956598162651,0
11,1820.9666748046875,476.7549133300781,1885.8035888671875,637.6685180664062,0.04574736952781677,0
11,408.57293701171875,496.8022155761719,466.2784423828125,618.5233764648438,0.04572025686502457,0
11,1399.5758056640625,470.1070861816406,1434.4320068359375,568.48486328125,0.04549257457256317,0
11,413.8011779785156,458.58746337890625,451.1323547363281,520.614990234375,0.045157965272665024,0
11,1537.6524658203125,433.32421875,1568.7159423828125,482.8377685546875,0.044761788100004196,0
11,409.5054931640625,525.778076171875,474.51617431640625,621.794921875,0.044496770948171616,0
11,652.564453125,450.0936584472656,681.1556396484375,492.6990051269531,0.04090797156095505,0
11,843.0819091796875,469.2425537109375,887.7455444335938,551.3190307617188,0.04069982469081879,0
11,1019.5025024414062,482.77587890625,1057.3846435546875,528.9971923828125,0.040434595197439194,0
11,963.9406127929688,456.7464294433594,1007.0535278320312,551.2939453125,0.03997032716870308,0
11,1257.328857421875,419.8050842285156,1305.0867919921875,545.7750244140625,0.03806823864579201,0
11,1007.3502197265625,445.8443298339844,1049.7725830078125,527.63037109375,0.036998871713876724,0
11,1672.169677734375,438.58935546875,1714.261962890625,552.8995971679688,0.03695153072476387,0
11,698.5686645507812,449.4601135253906,734.40966796875,506.7966613769531,0.03504331409931183,0
11,1378.588623046875,452.85894775390625,1411.6083984375,561.5670776367188,0.03308327868580818,0
11,539.5122680664062,439.875732421875,581.8447875976562,509.35748291015625,0.032695356756448746,0
11,1102.1231689453125,442.3931579589844,1132.24658203125,528.0221557617188,0.032362379133701324,0
11,653.078125,524.9378051757812,706.3766479492188,646.9437255859375,0.032225821167230606,0
11,1069.50634765625,451.90594482421875,1093.4912109375,584.372314453125,0.03190184384584427,0
11,439.2204284667969,447.4636535644531,501.48297119140625,577.6071166992188,0.031365346163511276,0
11,1405.7789306640625,462.35540771484375,1443.088134765625,607.8416748046875,0.030252866446971893,0
11,1889.4281005859375,405.9300842285156,1919.2607421875,523.5930786132812,0.030018147081136703,0
11,962.2142944335938,445.4583435058594,984.450439453125,533.4088134765625,0.028651634231209755,0
11,729.574951171875,451.2734069824219,767.9791259765625,536.9857177734375,0.027632953599095345,0
11,480.56817626953125,448.9925537109375,562.1039428710938,723.935546875,0.02743590995669365,0
11,965.212646484375,441.1846008300781,988.62744140625,525.7418823242188,0.027196329087018967,0
11,1062.8729248046875,447.15081787109375,1090.3072509765625,520.6481323242188,0.027185089886188507,0
11,1019.197265625,421.5845031738281,1062.30029296875,530.7420654296875,0.02694028988480568,0
11,1053.7657470703125,461.9208984375,1124.628662109375,596.4173583984375,0.026289567351341248,0
11,349.42236328125,500.5646057128906,418.1320495605469,566.8856811523438,0.025492273271083832,0
11,1536.358154296875,434.9820556640625,1574.842529296875,551.8104858398438,0.025109272450208664,0
11,694.2808837890625,538.6195068359375,728.4961547851562,606.7107543945312,0.025106215849518776,0
11,1515.6798095703125,438.55572509765625,1544.9827880859375,484.121337890625,0.025088995695114136,0
11,651.1371459960938,451.8233642578125,677.1746826171875,514.2118530273438,0.024426907300949097,0
11,1057.6461181640625,433.7647705078125,1078.6234130859375,483.49932861328125,0.024394042789936066,0
11,1201.0321044921875,487.658935546875,1218.9532470703125,521.0811767578125,0.024252738803625107,0
11,1071.922119140625,439.216552734375,1092.43359375,494.8656005859375,0.023564599454402924,0
11,1536.9169921875,421.20391845703125,1628.62353515625,672.0473022460938,0.022195681929588318,0
11,1882.14111328125,393.1712951660156,1919.293212890625,506.26702880859375,0.02144196443259716,0
11,883.3104858398438,442.4550476074219,908.4556274414062,486.1480407714844,0.021179720759391785,0
11,999.5789794921875,422.9528503417969,1029.0845947265625,510.3344421386719,0.020588556304574013,0
11,1844.5291748046875,470.4399719238281,1883.4691162109375,540.8862915039062,0.020247509703040123,0
11,597.0628051757812,456.6632995605469,684.9237670898438,659.3055419921875,0.019611921161413193,0
11,364.0232849121094,497.38397216796875,430.0674133300781,564.434814453125,0.01950611174106598,0
11,1070.0738525390625,446.1797790527344,1100.8970947265625,562.3704223632812,0.019149258732795715,0
11,1826.23095703125,530.7355346679688,1872.85400390625,640.9332275390625,0.018659135326743126,0
11,535.8880004882812,443.38250732421875,567.3358154296875,508.5307922363281,0.017411556094884872,0
11,914.455322265625,512.2615966796875,975.08154296875,588.9409790039062,0.01736444979906082,0
11,1670.7366943359375,494.6044921875,1719.8433837890625,590.2652587890625,0.017364295199513435,0
11,706.2680053710938,449.668212890625,733.66552734375,481.02447509765625,0.01716630347073078,0
11,309.0306091308594,453.2524108886719,351.6440124511719,565.3928833007812,0.01715441793203354,0
11,533.2824096679688,446.0350646972656,564.0097045898438,545.4186401367188,0.016622085124254227,0
11,700.8637084960938,469.11492919921875,785.1802368164062,652.8577880859375,0.016270743682980537,0
11,444.47735595703125,442.5801086425781,498.6064453125,551.95556640625,0.015833891928195953,0
11,1045.0198974609375,496.9424133300781,1094.94921875,588.4890747070312,0.015633270144462585,0
11,430.6198425292969,436.78216552734375,574.0437622070312,608.0834350585938,0.015108120627701283,0
11,1539.052734375,425.42938232421875,1625.760498046875,555.63134765625,0.014338175766170025,0
11,653.7025146484375,536.9869995117188,691.3825073242188,646.7785034179688,0.013438833877444267,0
11,1158.28125,446.5961608886719,1185.6142578125,525.0747680664062,0.013189391233026981,0
11,1883.1470947265625,498.9862060546875,1919.2708740234375,652.3575439453125,0.01290062628686428,0
11,320.0462951660156,451.95794677734375,360.331787109375,567.0390014648438,0.012717516161501408,0
11,410.9922180175781,448.10797119140625,443.048583984375,519.4960327148438,0.01268400251865387,0
11,1674.56103515625,431.3130798339844,1785.421875,634.3967895507812,0.01247962936758995,0
11,1513.939453125,438.4986877441406,1548.598388671875,551.4712524414062,0.012356160208582878,0
11,1719.1651611328125,446.2191467285156,1777.59375,512.8760986328125,0.012232871726155281,0
11,1706.764892578125,440.2144775390625,1770.926513671875,512.2782592773438,0.012106509879231453,0
11,1036.675537109375,517.0234375,1095.48974609375,590.3449096679688,0.011917857453227043,0
11,1837.2972412109375,406.71197509765625,1919.49658203125,642.2045288085938,0.011688739992678165,0
11,903.3180541992188,468.41583251953125,934.6964721679688,583.5686645507812,0.011112493462860584,0
11,400.49432373046875,498.5203857421875,477.93621826171875,602.926025390625,0.011097092181444168,0
11,960.495849609375,509.6909484863281,1023.9180908203125,587.4472045898438,0.011008289642632008,0
11,1056.2330322265625,482.25439453125,1093.1500244140625,536.5039672851562,0.010946580208837986,0
11,1713.8448486328125,462.8788146972656,1786.2052001953125,582.9476318359375,0.010363377630710602,0
11,965.5493774414062,507.05670166015625,1056.503662109375,588.1266479492188,0.010234062559902668,0
11,1878.320068359375,390.51153564453125,1919.306396484375,478.85791015625,0.01007607951760292,0
12,1539.032958984375,419.8125915527344,1633.0810546875,773.1105346679688,0.7732408046722412,0
12,585.5560913085938,442.01055908203125,677.6129150390625,708.7523803710938,0.7667078971862793,0
12,1439.0174560546875,407.8166198730469,1557.5511474609375,796.2825317382812,0.7273366451263428,0
12,448.8069152832031,442.0755615234375,570.0889892578125,718.4597778320312,0.6674082279205322,0
12,731.1307983398438,455.84381103515625,769.6137084960938,569.90625,0.6051960587501526,0
12,1256.584716796875,436.1263732910156,1292.671142578125,544.2887573242188,0.24557366967201233,0
12,804.1732177734375,466.5572204589844,833.5751953125,547.7337036132812,0.2393915355205536,0
12,698.5350341796875,453.39276123046875,735.6305541992188,587.0692749023438,0.2277534306049347,0
12,1084.074462890625,453.274658203125,1132.4176025390625,593.0476684570312,0.22496210038661957,0
12,1380.9178466796875,439.9986877441406,1425.585693359375,562.069580078125,0.20620690286159515,0
12,660.4131469726562,449.3731689453125,725.3771362304688,644.98681640625,0.20277544856071472,0
12,915.4544677734375,429.5367736816406,975.3151245117188,585.2630004882812,0.20120932161808014,0
12,832.7078857421875,466.6572265625,876.5178833007812,550.2405395507812,0.19209879636764526,0
12,1848.11474609375,389.1700744628906,1919.3680419921875,653.8460083007812,0.17404456436634064,0
12,1828.001953125,468.4547424316406,1898.98388671875,652.697021484375,0.16978685557842255,0
12,671.1641845703125,456.8826599121094,733.1785278320312,607.7587890625,0.162709578871727,0
12,1302.298828125,418.63714599609375,1346.25439453125,548.9877319335938,0.15421684086322784,0
12,1700.0625,440.74163818359375,1783.1099853515625,587.178955078125,0.15170560777187347,0
12,934.1748046875,432.73187255859375,967.828125,517.4207153320312,0.14104051887989044,0
12,1098.9151611328125,448.7489318847656,1133.7017822265625,573.7000122070312,0.13466496765613556,0
12,809.1318969726562,467.4683532714844,839.9243774414062,548.6098022460938,0.13318075239658356,0
12,850.3387451171875,461.8744812011719,882.5697021484375,550.503173828125,0.12250194698572159,0
12,825.3826904296875,466.68548583984375,866.164306640625,550.5831298828125,0.11406772583723068,0
12,1387.7054443359375,444.8650817871094,1433.3990478515625,557.9542846679688,0.11016993969678879,0
12,1871.5914306640625,389.8889465332031,1919.4046630859375,650.9002075195312,0.10218118876218796,0
12,969.4589233398438,454.99749755859375,1019.118408203125,566.8648681640625,0.09811822324991226,0
12,659.60546875,450.4940185546875,706.797607421875,593.8976440429688,0.09684767574071884,0
12,663.0299072265625,451.2938537597656,703.3707885742188,527.6270141601562,0.090847909450531,0
12,1851.3802490234375,475.368896484375,1918.1822509765625,655.4866333007812,0.08957822620868683,0
12,432.1519775390625,445.4352722167969,490.0628356933594,625.623291015625,0.08853071182966232,0
12,773.6565551757812,461.7381591796875,796.2794189453125,498.7962341308594,0.08814162760972977,0
12,412.43280029296875,465.6938781738281,444.8244323730469,517.74853515625,0.08733734488487244,0
12,1670.4814453125,436.58843994140625,1724.068359375,588.2816162109375,0.08296987414360046,0
12,803.9088134765625,461.1727294921875,829.9119873046875,512.01416015625,0.08160523325204849,0
12,1852.411376953125,526.9019165039062,1906.399658203125,654.7677612304688,0.08139877021312714,0
12,406.1565246582031,481.8912048339844,476.576416015625,617.918212890625,0.08092334121465683,0
12,1898.7828369140625,443.39447021484375,1919.3822021484375,639.0875854492188,0.08018423616886139,0
12,715.1689453125,454.259765625,761.9479370117188,568.0834350585938,0.07831309735774994,0
12,409.13140869140625,473.4194030761719,449.9634704589844,531.5869750976562,0.07709986716508865,0
12,527.568603515625,488.3608703613281,567.7438354492188,706.2070922851562,0.07521519809961319,0
12,541.1585083007812,439.5362548828125,584.3519897460938,552.9581909179688,0.07354456186294556,0
12,980.656494140625,448.2036437988281,1016.3807373046875,531.0209350585938,0.07345614582300186,0
12,1892.628662109375,414.41082763671875,1919.388427734375,639.4598999023438,0.07007915526628494,0
12,534.0269775390625,435.1839294433594,583.2891235351562,675.4202270507812,0.06643414497375488,0
12,1676.748779296875,435.95819091796875,1777.9775390625,590.3933715820312,0.0661073625087738,0
12,874.3517456054688,471.68902587890625,907.6747436523438,549.5562744140625,0.06535463035106659,0
12,878.3025512695312,451.5868835449219,908.8203735351562,549.5479125976562,0.06363456696271896,0
12,1825.171630859375,488.2267761230469,1886.2515869140625,644.9252319335938,0.061637431383132935,0
12,471.3193664550781,474.8531799316406,566.8588256835938,718.3869018554688,0.05851956829428673,0
12,664.169677734375,449.30267333984375,704.7164306640625,489.9358825683594,0.056930866092443466,0
12,1017.8880615234375,460.3188171386719,1057.1136474609375,528.9166870117188,0.05636702477931976,0
12,730.283935546875,451.002685546875,766.8456420898438,532.1530151367188,0.05023729428648949,0
12,409.53973388671875,498.38763427734375,465.49749755859375,619.3181762695312,0.04638316109776497,0
12,1018.9248046875,482.39166259765625,1054.818603515625,528.8660888671875,0.046212367713451385,0
12,1260.48193359375,417.3269348144531,1309.09716796875,546.7696533203125,0.04500383138656616,0
12,538.2608032226562,439.7914123535156,581.9945068359375,509.12237548828125,0.04232124984264374,0
12,1405.4117431640625,454.625732421875,1446.983642578125,559.6656494140625,0.03866472467780113,0
12,976.030517578125,439.78399658203125,1009.2205810546875,522.106201171875,0.03791378065943718,0
12,652.7186889648438,450.1542663574219,678.592041015625,487.57305908203125,0.03732562065124512,0
12,1103.310302734375,441.8295593261719,1133.435302734375,545.2186889648438,0.03675894811749458,0
12,1394.778564453125,445.1390075683594,1445.971923828125,562.0591430664062,0.03608352690935135,0
12,1011.2721557617188,469.44427490234375,1054.88916015625,527.29296875,0.035281457006931305,0
12,1010.0755615234375,455.1799621582031,1048.0693359375,525.4228515625,0.034287724643945694,0
12,1888.0968017578125,399.24609375,1919.3162841796875,540.2312622070312,0.03376470133662224,0
12,1539.942626953125,436.3380432128906,1571.90185546875,482.4474792480469,0.032549645751714706,0
12,421.6445617675781,443.4537353515625,528.4541625976562,632.5416870117188,0.03167150914669037,0
12,883.2520751953125,442.37969970703125,907.6197509765625,484.9010009765625,0.02975110337138176,0
12,1455.4727783203125,443.70263671875,1562.57373046875,710.413330078125,0.029551254585385323,0
12,1674.7210693359375,439.15576171875,1709.7506103515625,507.7673034667969,0.029224779456853867,0
12,309.1663818359375,455.5874938964844,346.1840515136719,565.5609741210938,0.028683925047516823,0
12,696.2919311523438,449.96392822265625,730.6697998046875,482.2857971191406,0.028115227818489075,0
12,963.8199462890625,464.3390197753906,993.703125,552.1834716796875,0.028074920177459717,0
12,1069.3831787109375,449.5727233886719,1094.177490234375,556.09130859375,0.028039472177624702,0
12,961.2081298828125,445.8457946777344,982.4961547851562,529.4857788085938,0.02769685722887516,0
12,659.6635131835938,505.3817138671875,715.2070922851562,648.8150024414062,0.027483318001031876,0
12,1406.3895263671875,447.2889404296875,1449.919921875,615.3770141601562,0.026064878329634666,0
12,963.1171875,441.8603210449219,987.263671875,525.0059204101562,0.025543365627527237,0
12,963.7615356445312,474.4670104980469,1021.7191772460938,579.2766723632812,0.025167115032672882,0
12,1064.2633056640625,444.425537109375,1092.31103515625,521.54150390625,0.024410516023635864,0
12,967.275146484375,443.5694580078125,1013.9952392578125,552.7783813476562,0.024058416485786438,0
12,431.97528076171875,444.49603271484375,507.515625,582.98291015625,0.022964758798480034,0
12,1845.273193359375,469.849365234375,1883.53125,542.9176025390625,0.02274182438850403,0
12,1827.6270751953125,534.0390625,1871.3028564453125,642.7171020507812,0.022397609427571297,0
12,1881.413818359375,392.57904052734375,1919.2880859375,507.254150390625,0.021859152242541313,0
12,708.45703125,450.6572570800781,733.00048828125,485.2066955566406,0.021833892911672592,0
12,535.5271606445312,443.3817443847656,568.2272338867188,507.8194885253906,0.02179907076060772,0
12,651.0411987304688,451.94805908203125,677.4429931640625,517.8988037109375,0.02089371532201767,0
12,1543.6414794921875,427.695556640625,1584.3436279296875,536.185546875,0.020741568878293037,0
12,1072.72412109375,438.5997619628906,1092.917724609375,495.5733947753906,0.02058348059654236,0
12,532.3015747070312,450.06353759765625,565.8446044921875,556.3568115234375,0.018741142004728317,0
12,1071.6405029296875,475.37017822265625,1125.99462890625,595.702392578125,0.018684735521674156,0
12,360.5342102050781,498.11846923828125,428.6772766113281,565.393798828125,0.01776600442826748,0
12,1706.1512451171875,440.34722900390625,1774.41845703125,517.6214599609375,0.017574051395058632,0
12,1062.2535400390625,435.7392883300781,1084.2181396484375,487.5747985839844,0.01723402924835682,0
12,1200.4097900390625,489.81829833984375,1218.7562255859375,521.2799072265625,0.017115533351898193,0
12,1068.621826171875,443.4145202636719,1104.16552734375,580.8314819335938,0.016383010894060135,0
12,1535.7520751953125,436.82098388671875,1577.211181640625,555.0045776367188,0.015237648971378803,0
12,1670.203125,491.6842346191406,1726.2509765625,589.823974609375,0.015003003180027008,0
12,1723.196533203125,445.5303039550781,1778.4024658203125,513.5337524414062,0.014793210662901402,0
12,302.6605224609375,465.510498046875,342.5580139160156,564.3140258789062,0.014587272889912128,0
12,1888.5791015625,504.2185363769531,1919.2752685546875,651.8906860351562,0.014248816296458244,0
12,904.154296875,462.4754333496094,936.712646484375,583.3687744140625,0.014118119142949581,0
12,320.9506530761719,453.5401611328125,360.1335754394531,567.3695068359375,0.0138443848118186,0
12,912.8997802734375,493.60235595703125,975.3548583984375,588.9303588867188,0.013824757188558578,0
12,351.18231201171875,494.6404724121094,407.4670104980469,565.8814697265625,0.013339750468730927,0
12,1530.349365234375,441.3364562988281,1563.8089599609375,558.8505859375,0.01331566646695137,0
12,657.0646362304688,522.2835083007812,692.9443969726562,649.3298950195312,0.012888845056295395,0
12,1378.762939453125,485.885009765625,1411.4095458984375,560.5865478515625,0.011692865751683712,0
12,1157.927978515625,446.9842529296875,1185.458251953125,524.6868896484375,0.011515127494931221,0
12,1039.83740234375,505.4970703125,1094.6641845703125,589.1369018554688,0.011285444721579552,0
12,445.0472106933594,439.15924072265625,525.0821533203125,553.2804565429688,0.010766848921775818,0
12,1851.892822265625,391.20758056640625,1918.540283203125,554.78125,0.01001067366451025,0
13,585.116455078125,441.9444580078125,677.9818725585938,709.2933349609375,0.7538814544677734,0
13,1538.1248779296875,421.73291015625,1648.2503662109375,780.601318359375,0.7514541745185852,0
13,443.87347412109375,443.3780822753906,569.3319091796875,719.616455078125,0.7037658095359802,0
13,1445.184814453125,413.7730407714844,1570.9632568359375,798.6448974609375,0.7014850378036499,0
13,730.3109130859375,456.1106872558594,769.2628784179688,575.0109252929688,0.5821934938430786,0
13,659.6448364257812,446.167236328125,729.76123046875,639.5209350585938,0.3073001503944397,0
13,1380.7294921875,437.0843811035156,1425.894287109375,557.9747314453125,0.2970519959926605,0
13,915.9633178710938,429.4947509765625,975.3224487304688,585.656982421875,0.2525619566440582,0
13,1831.635498046875,464.5271301269531,1914.337646484375,651.0592041015625,0.2410883605480194,0
13,1256.151123046875,432.677490234375,1293.75439453125,544.4505615234375,0.240365669131279,0
13,804.082763671875,466.9551086425781,833.1456298828125,547.6575317382812,0.22737935185432434,0
13,1079.875244140625,454.0125732421875,1132.061767578125,593.18408203125,0.21025371551513672,0
13,1709.8165283203125,443.5350036621094,1786.2813720703125,585.9898681640625,0.2042466402053833,0
13,409.0733947753906,484.1585998535156,455.1247863769531,615.9833374023438,0.17384009063243866,0
13,679.0149536132812,450.6546936035156,736.817138671875,605.0032348632812,0.17075605690479279,0
13,968.0204467773438,441.8035583496094,1017.671875,563.3020629882812,0.164044588804245,0
13,1302.4146728515625,419.2598876953125,1346.6258544921875,548.3289184570312,0.16113819181919098,0
13,830.8095703125,467.1771240234375,877.8400268554688,550.8380126953125,0.15846072137355804,0
13,931.5123291015625,431.8528747558594,969.2922973632812,550.7716064453125,0.15494386851787567,0
13,1674.1563720703125,436.56988525390625,1728.4808349609375,591.2794189453125,0.14187292754650116,0
13,978.0031127929688,443.6231689453125,1016.3047485351562,545.431640625,0.1402977705001831,0
13,809.1527709960938,467.66510009765625,839.663818359375,548.8238525390625,0.12613452970981598,0
13,707.8233032226562,452.9766540527344,736.815673828125,577.9774169921875,0.12258581072092056,0
13,847.5971069335938,462.1072998046875,881.9070434570312,549.9021606445312,0.12136870622634888,0
13,1100.0238037109375,448.3164367675781,1133.985107421875,577.9157104492188,0.11521053314208984,0
13,824.1873779296875,467.07879638671875,868.1043090820312,550.7653198242188,0.11515678465366364,0
13,1019.4219360351562,462.6036071777344,1056.0030517578125,529.0646362304688,0.11382590979337692,0
13,1853.372314453125,412.04022216796875,1919.297607421875,653.6292114257812,0.1137964203953743,0
13,717.3417358398438,453.3146057128906,765.4534301757812,570.9348754882812,0.09655524045228958,0
13,1852.4425048828125,523.4150390625,1907.6795654296875,654.3898315429688,0.09597930312156677,0
13,410.90380859375,502.5543212890625,470.117919921875,623.2532348632812,0.09522384405136108,0
13,774.1541748046875,459.9919738769531,796.847900390625,498.5457458496094,0.09479985386133194,0
13,1896.7086181640625,444.6286926269531,1919.3624267578125,639.7365112304688,0.0930057093501091,0
13,974.5534057617188,438.9895935058594,1012.0248413085938,532.2927856445312,0.08678439259529114,0
13,1676.2236328125,432.8551940917969,1788.11279296875,584.5875244140625,0.08381708711385727,0
13,1824.294189453125,478.7150573730469,1890.389404296875,644.798095703125,0.07892037183046341,0
13,1874.1097412109375,391.7559814453125,1919.4202880859375,651.4833984375,0.07888578623533249,0
13,803.7105102539062,464.46697998046875,831.6670532226562,526.7297973632812,0.07536708563566208,0
13,438.0252685546875,448.437744140625,487.847900390625,624.8997802734375,0.07534060627222061,0
13,803.9271240234375,460.8147888183594,829.9771728515625,509.7020263671875,0.07507326453924179,0
13,1681.0294189453125,436.8021240234375,1757.4173583984375,590.9694213867188,0.07489089667797089,0
13,535.0659790039062,436.1379089355469,583.5750732421875,631.9076538085938,0.07129612565040588,0
13,411.62091064453125,477.2620544433594,450.99627685546875,531.6729125976562,0.07041357457637787,0
13,471.32659912109375,470.65447998046875,567.3017578125,717.8926391601562,0.06708284467458725,0
13,539.861083984375,442.19970703125,584.07958984375,554.4402465820312,0.066757433116436,0
13,412.9554138183594,467.2987976074219,443.998291015625,515.1592407226562,0.06548018753528595,0
13,878.8670654296875,449.5002136230469,909.7175903320312,547.9094848632812,0.05530227720737457,0
13,527.44287109375,475.7552490234375,581.7039794921875,698.480712890625,0.05512972176074982,0
13,700.9755859375,459.1875,737.3801879882812,602.852294921875,0.05335422232747078,0
13,525.9876708984375,482.6505432128906,568.2390747070312,704.5758056640625,0.052589841187000275,0
13,1258.2283935546875,418.1654968261719,1307.919921875,547.5730590820312,0.049703650176525116,0
13,874.294921875,474.4324035644531,908.6982421875,549.0723876953125,0.04568072408437729,0
13,963.7547607421875,452.6095275878906,1009.001953125,573.209716796875,0.044786784797906876,0
13,1410.6959228515625,483.6002197265625,1451.3028564453125,557.2689208984375,0.044512789696455,0
13,514.2831420898438,442.1955871582031,578.7329711914062,713.083740234375,0.04074275866150856,0
13,663.91943359375,449.89208984375,711.7207641601562,520.185546875,0.04026443138718605,0
13,1539.77490234375,431.801513671875,1572.77197265625,485.80572509765625,0.0378367155790329,0
13,1673.468994140625,436.9945983886719,1714.8636474609375,581.697998046875,0.03697694092988968,0
13,1383.7340087890625,419.8636779785156,1441.953857421875,557.7544555664062,0.03569261357188225,0
13,538.6962890625,440.4842834472656,582.3895874023438,509.0018005371094,0.033562228083610535,0
13,1011.0084228515625,454.36981201171875,1047.2366943359375,526.487548828125,0.03323987498879433,0
13,1069.1588134765625,449.4927978515625,1093.25439453125,524.732666015625,0.0328800231218338,0
13,1396.0986328125,439.0327453613281,1447.0484619140625,558.77783203125,0.032249074429273605,0
13,731.2957763671875,450.3043212890625,766.2821044921875,498.73370361328125,0.03131061792373657,0
13,883.1796264648438,441.9622497558594,907.567626953125,485.82708740234375,0.03127804771065712,0
13,931.3328247070312,421.3883972167969,966.7131958007812,519.1520385742188,0.030855244025588036,0
13,1544.9066162109375,426.6385803222656,1587.6375732421875,524.3348388671875,0.03060036152601242,0
13,307.376953125,457.0693359375,344.4881286621094,565.4514770507812,0.029580915346741676,0
13,1105.6318359375,441.8912658691406,1132.404052734375,506.09490966796875,0.028408104553818703,0
13,963.4307250976562,445.3219299316406,989.3643188476562,542.6356811523438,0.027631789445877075,0
13,1891.0657958984375,419.4039001464844,1919.2427978515625,519.6987915039062,0.027373846620321274,0
13,1678.8310546875,490.6288146972656,1726.950439453125,591.7979736328125,0.027042578905820847,0
13,966.499755859375,441.7021179199219,992.5435791015625,530.3271484375,0.026922859251499176,0
13,425.94158935546875,446.9129333496094,517.327880859375,640.1727905273438,0.026868551969528198,0
13,1680.906005859375,438.3300476074219,1785.80126953125,635.2311401367188,0.026439201086759567,0
13,451.3631286621094,461.7875061035156,530.6166381835938,713.0799560546875,0.026275495067238808,0
13,652.326416015625,448.6820068359375,677.1471557617188,485.4052734375,0.024588245898485184,0
13,1072.511962890625,439.033447265625,1092.951416015625,494.31060791015625,0.024043109267950058,0
13,414.2434387207031,462.6019592285156,451.4742736816406,520.4822998046875,0.023406513035297394,0
13,361.5455322265625,498.492919921875,424.3865051269531,565.3877563476562,0.022404935210943222,0
13,1826.9161376953125,533.315185546875,1874.225830078125,642.396240234375,0.02237187698483467,0
13,1844.8529052734375,469.9649963378906,1884.67578125,542.4412231445312,0.022152742370963097,0
13,1882.197509765625,394.787109375,1919.2705078125,503.857177734375,0.021594015881419182,0
13,658.9331665039062,525.978271484375,707.3010864257812,650.013427734375,0.021582070738077164,0
13,776.8943481445312,450.7967834472656,799.5562133789062,483.70770263671875,0.020269837230443954,0
13,1070.288818359375,445.4585266113281,1103.6466064453125,574.3724365234375,0.01984425075352192,0
13,1062.534423828125,435.7847900390625,1083.767578125,490.60821533203125,0.018880408257246017,0
13,1574.6180419921875,418.5425109863281,1639.4447021484375,549.9823608398438,0.01805032230913639,0
13,438.74560546875,443.18572998046875,498.9752197265625,582.4940185546875,0.01787714660167694,0
13,1201.1300048828125,491.17584228515625,1219.29736328125,521.287353515625,0.017803123220801353,0
13,300.0977783203125,471.18927001953125,341.3766174316406,564.6748657226562,0.017000045627355576,0
13,904.7232666015625,453.5535583496094,938.7514038085938,583.8605346679688,0.01688286103308201,0
13,1885.8076171875,499.32476806640625,1919.318115234375,651.2180786132812,0.016662336885929108,0
13,535.566650390625,443.56878662109375,571.1741333007812,505.85540771484375,0.01604936085641384,0
13,913.9956665039062,501.4139099121094,975.7034912109375,588.602294921875,0.015885088592767715,0
13,1544.5660400390625,432.7848815917969,1597.1707763671875,548.5305786132812,0.015658318996429443,0
13,349.7066650390625,498.973388671875,411.5963134765625,565.9513549804688,0.01477114763110876,0
13,533.8199462890625,449.51751708984375,570.2360229492188,554.0050048828125,0.014325552619993687,0
13,1537.4261474609375,434.5613098144531,1577.085693359375,535.0314331054688,0.014052913524210453,0
13,952.65673828125,477.18292236328125,1015.847900390625,587.5358276367188,0.013774270191788673,0
13,1017.49609375,478.1716003417969,1058.73583984375,554.3875122070312,0.013741332106292248,0
13,1024.6103515625,426.8088684082031,1060.4949951171875,529.4177856445312,0.01352793537080288,0
13,1157.7183837890625,448.3157958984375,1185.492919921875,524.2450561523438,0.013021372258663177,0
13,1031.0870361328125,455.74603271484375,1128.02197265625,596.2987060546875,0.012997396290302277,0
13,436.79718017578125,443.25,548.2904663085938,633.3484497070312,0.012817991897463799,0
13,1055.136474609375,480.55859375,1093.6151123046875,535.3558959960938,0.012331000529229641,0
13,1546.2642822265625,418.77667236328125,1583.93017578125,467.61712646484375,0.011808006092905998,0
13,318.8654479980469,454.5282897949219,364.8622741699219,566.1941528320312,0.011551200412213802,0
13,774.7348022460938,453.11456298828125,804.2418823242188,506.7767333984375,0.010982047766447067,0
13,1733.2027587890625,466.4339904785156,1791.6383056640625,576.3558349609375,0.010795933194458485,0
13,1042.67919921875,499.9831237792969,1094.4837646484375,589.334716796875,0.010667365975677967,0
13,710.4656982421875,449.78045654296875,743.8897705078125,490.8106384277344,0.010314563289284706,0
13,1877.70263671875,391.6556396484375,1919.29248046875,480.019775390625,0.010252506472170353,0
13,908.2750854492188,442.9674072265625,948.5762329101562,572.375244140625,0.010064599104225636,0
13,1158.8673095703125,435.91766357421875,1190.485595703125,523.1069946289062,0.01005464605987072,0
14,583.7129516601562,442.3318176269531,678.4323120117188,710.5714111328125,0.7503615021705627,0
14,446.9576110839844,441.70440673828125,567.717041015625,723.9741821289062,0.6393857598304749,0
14,1534.351318359375,415.40753173828125,1679.6748046875,790.575439453125,0.6143578290939331,0
14,1452.390380859375,409.717529296875,1585.4359130859375,796.4198608398438,0.5769316554069519,0
14,729.950927734375,456.67291259765625,769.5672607421875,575.4521484375,0.5512501001358032,0
14,662.2137451171875,444.265625,730.392333984375,644.8508911132812,0.29800504446029663,0
14,803.92236328125,466.6462097167969,833.5645751953125,548.7396850585938,0.2867177426815033,0
14,1256.5360107421875,430.2008056640625,1297.3759765625,545.9906616210938,0.27809298038482666,0
14,1830.884033203125,464.22216796875,1899.91845703125,650.6199340820312,0.23663052916526794,0
14,669.1375732421875,446.93133544921875,737.127197265625,608.6233520507812,0.23415789008140564,0
14,1083.015380859375,455.1270446777344,1131.5738525390625,592.985107421875,0.20878314971923828,0
14,915.4473266601562,429.9306335449219,975.5174560546875,585.05078125,0.18624229729175568,0
14,1716.371337890625,445.76715087890625,1786.3956298828125,587.1678466796875,0.18526972830295563,0
14,833.033203125,466.1107177734375,877.1868896484375,550.7612915039062,0.17873823642730713,0
14,1384.751708984375,426.4639892578125,1434.40625,558.3123779296875,0.17855072021484375,0
14,1302.3431396484375,417.5167236328125,1346.9288330078125,548.2164916992188,0.17547562718391418,0
14,1432.8304443359375,410.0430908203125,1556.2318115234375,796.2037963867188,0.1516404002904892,0
14,1851.62255859375,466.427490234375,1919.32177734375,653.9716186523438,0.15052805840969086,0
14,527.9442138671875,471.3582458496094,583.5006103515625,699.753173828125,0.14679120481014252,0
14,847.7908325195312,461.80938720703125,881.1607055664062,549.1056518554688,0.13638335466384888,0
14,1253.7823486328125,442.35150146484375,1291.376220703125,541.4243774414062,0.12748752534389496,0
14,1100.30029296875,450.28656005859375,1133.366943359375,578.0659790039062,0.11931836605072021,0
14,1856.3514404296875,392.449951171875,1919.2203369140625,653.2965698242188,0.1174234077334404,0
14,1682.8048095703125,437.53985595703125,1787.564208984375,637.9573974609375,0.11416197568178177,0
14,932.3596801757812,432.13214111328125,969.0203247070312,546.770263671875,0.10845442861318588,0
14,707.4307250976562,452.0825500488281,736.5360717773438,577.74560546875,0.10658030211925507,0
14,408.1397399902344,486.1321105957031,453.1300354003906,622.3587036132812,0.10107376426458359,0
14,1899.6884765625,482.9549560546875,1919.297607421875,643.0093383789062,0.10026277601718903,0
14,1019.8240356445312,465.53466796875,1055.95361328125,528.979248046875,0.09781103581190109,0
14,1852.5029296875,525.2252807617188,1908.317138671875,654.2467041015625,0.09683629125356674,0
14,535.9237060546875,437.2720642089844,584.7068481445312,601.3590698242188,0.09675586968660355,0
14,825.0844116210938,466.2308349609375,861.6604614257812,551.0226440429688,0.09569651633501053,0
14,773.3348388671875,460.2276306152344,797.0123901367188,497.7920837402344,0.08970414847135544,0
14,530.9771118164062,491.05865478515625,573.7141723632812,705.3440551757812,0.0853831097483635,0
14,803.3082275390625,460.735107421875,830.066162109375,507.6910400390625,0.07925460487604141,0
14,436.88031005859375,446.78558349609375,489.402099609375,626.2818603515625,0.07429280132055283,0
14,981.7553100585938,450.9375,1016.5790405273438,532.8233642578125,0.07316242158412933,0
14,970.4322509765625,459.15069580078125,1016.698974609375,544.992919921875,0.072463259100914,0
14,1893.9415283203125,439.4278564453125,1919.413330078125,638.7528076171875,0.07105664163827896,0
14,1682.54296875,442.97662353515625,1748.350341796875,586.7788696289062,0.06799707561731339,0
14,410.99359130859375,481.2785339355469,449.8314514160156,530.1632690429688,0.06525371968746185,0
14,413.25164794921875,467.7307434082031,444.1658935546875,515.528564453125,0.06319254636764526,0
14,1485.356689453125,415.0093688964844,1608.75146484375,796.0302124023438,0.06318966299295425,0
14,873.9772338867188,470.818359375,907.9993286132812,549.2188110351562,0.05755477771162987,0
14,1257.3369140625,418.24237060546875,1307.6136474609375,548.3529052734375,0.054571472108364105,0
14,540.0255737304688,444.5882263183594,583.4248657226562,551.7310180664062,0.04672688990831375,0
14,410.20367431640625,499.559326171875,465.68701171875,623.1445922851562,0.0466638058423996,0
14,878.7681884765625,444.30230712890625,911.9029541015625,551.3595581054688,0.0450589694082737,0
14,539.37548828125,442.26580810546875,582.7031860351562,509.41259765625,0.04331441596150398,0
14,667.0125732421875,448.36083984375,713.3377075195312,528.986572265625,0.04268987849354744,0
14,1678.12646484375,425.31939697265625,1788.6654052734375,586.8297729492188,0.0415799655020237,0
14,1822.018798828125,477.9389953613281,1885.795166015625,639.609130859375,0.0408463329076767,0
14,409.2393493652344,492.2771301269531,486.3820495605469,625.8311157226562,0.0403309129178524,0
14,963.6524047851562,457.3795471191406,1020.0895385742188,584.0589599609375,0.038937028497457504,0
14,1403.87158203125,482.7584228515625,1455.4447021484375,557.7689208984375,0.03867674246430397,0
14,1007.55908203125,456.8180236816406,1031.5777587890625,525.6621704101562,0.035279687494039536,0
14,1073.4532470703125,475.940185546875,1128.0882568359375,594.1065673828125,0.03497418761253357,0
14,979.30224609375,440.199462890625,1013.46240234375,525.9805297851562,0.03487525135278702,0
14,701.581298828125,458.7139892578125,740.01953125,602.8048095703125,0.03379005193710327,0
14,1677.469482421875,462.85272216796875,1732.58203125,590.9187622070312,0.031069470569491386,0
14,1389.1783447265625,463.259033203125,1431.7430419921875,559.13818359375,0.03002581000328064,0
14,347.5886535644531,500.5192565917969,424.4444274902344,567.85791015625,0.028508972376585007,0
14,1536.7646484375,435.4940490722656,1569.711181640625,486.16033935546875,0.028475778177380562,0
14,307.701416015625,458.2303161621094,343.822021484375,565.322998046875,0.028403207659721375,0
14,594.5889282226562,451.7070007324219,690.5753173828125,673.5927124023438,0.028381964191794395,0
14,777.1719360351562,451.26507568359375,799.3731079101562,481.6456604003906,0.027821483090519905,0
14,411.78802490234375,533.7808227539062,473.93603515625,623.937744140625,0.026776114478707314,0
14,414.1806335449219,462.8873596191406,450.4941101074219,522.7423095703125,0.026646729558706284,0
14,427.6232604980469,444.4266357421875,558.6397094726562,633.4638061523438,0.02608593739569187,0
14,1553.381591796875,427.8029479980469,1651.9256591796875,671.63330078125,0.02533252350986004,0
14,1106.0657958984375,442.79754638671875,1131.6785888671875,508.928466796875,0.025258468464016914,0
14,437.1969909667969,442.4337158203125,503.89178466796875,575.5243530273438,0.024453436955809593,0
14,1844.822509765625,469.94146728515625,1884.0220947265625,545.8705444335938,0.024328840896487236,0
14,732.0737915039062,450.1156311035156,764.6394653320312,480.43048095703125,0.024324530735611916,0
14,1886.2738037109375,493.33135986328125,1919.3360595703125,651.6871948242188,0.024243656545877457,0
14,882.9988403320312,442.55511474609375,907.2288208007812,484.96636962890625,0.02416030317544937,0
14,964.2735595703125,469.6445007324219,1000.5419921875,542.0825805664062,0.02337040565907955,0
14,1892.332763671875,417.1776428222656,1919.28369140625,520.0653076171875,0.02328340895473957,0
14,1018.9213256835938,477.8033752441406,1057.85791015625,550.3903198242188,0.022164469584822655,0
14,1070.876953125,451.6786193847656,1093.2802734375,532.161865234375,0.02161690779030323,0
14,1827.285400390625,532.1288452148438,1874.202880859375,642.7931518554688,0.021514197811484337,0
14,1534.1361083984375,437.9526062011719,1575.5966796875,558.1824951171875,0.021020138636231422,0
14,1677.9940185546875,442.58270263671875,1728.562255859375,542.853271484375,0.01983441784977913,0
14,1201.355712890625,488.4819030761719,1218.888671875,521.07373046875,0.01903960295021534,0
14,1556.59716796875,430.4261169433594,1584.5672607421875,483.9916076660156,0.018564512953162193,0
14,535.15283203125,445.5439453125,570.504638671875,506.7015380859375,0.018294166773557663,0
14,1882.1273193359375,392.8095703125,1919.2838134765625,500.8415222167969,0.01816568523645401,0
14,962.5724487304688,448.1278381347656,984.0715942382812,530.404052734375,0.018121598288416862,0
14,650.9767456054688,448.1561279296875,675.5579223632812,485.0950927734375,0.018023043870925903,0
14,1064.725341796875,450.8976135253906,1091.233154296875,519.5643310546875,0.017883922904729843,0
14,300.82342529296875,472.3458251953125,340.7156066894531,564.3154907226562,0.01662660762667656,0
14,1072.86328125,438.0894470214844,1092.7745361328125,493.6548156738281,0.01661553978919983,0
14,813.6784057617188,469.4896545410156,848.4006958007812,551.7667846679688,0.015784939751029015,0
14,533.7568359375,447.08837890625,571.9771728515625,552.3145141601562,0.014991354197263718,0
14,445.1605224609375,447.72418212890625,499.75726318359375,549.62841796875,0.01498652994632721,0
14,965.5301513671875,504.6383056640625,1056.75146484375,586.5254516601562,0.01428669411689043,0
14,1528.12353515625,459.36309814453125,1587.521484375,687.744873046875,0.013729212805628777,0
14,1061.49951171875,433.37823486328125,1081.41845703125,480.76263427734375,0.013408812694251537,0
14,932.0582885742188,421.1147766113281,967.0175170898438,519.6587524414062,0.013371128588914871,0
14,535.4037475585938,465.7240905761719,578.3758544921875,574.9017944335938,0.013025576248764992,0
14,774.3408203125,453.5438232421875,803.7171630859375,505.20318603515625,0.01290911715477705,0
14,913.862548828125,502.6020812988281,975.0875244140625,588.3710327148438,0.012558229267597198,0
14,1042.5435791015625,502.582763671875,1093.66552734375,588.759521484375,0.012446482665836811,0
14,1056.4088134765625,483.0960388183594,1091.3153076171875,535.7688598632812,0.012198717333376408,0
14,955.4827880859375,499.4925842285156,1018.159423828125,587.802490234375,0.01188715361058712,0
14,703.1931762695312,469.3464660644531,785.492431640625,651.9527587890625,0.011794370599091053,0
14,904.37841796875,466.14422607421875,935.7659912109375,583.190185546875,0.011767713353037834,0
14,447.3763732910156,436.0633850097656,522.341552734375,548.7664184570312,0.01122046448290348,0
14,1460.64599609375,437.32684326171875,1580.3446044921875,695.7509765625,0.011142626404762268,0
14,407.8918762207031,496.6109924316406,452.4971008300781,558.0899047851562,0.011073590256273746,0
14,1067.846923828125,443.4593811035156,1104.9324951171875,587.3516845703125,0.010090753436088562,0
15,583.7640380859375,442.61077880859375,676.4657592773438,712.3453369140625,0.7699607610702515,0
15,445.9390869140625,443.4060974121094,565.9845581054688,725.9872436523438,0.6578251123428345,0
15,730.44140625,451.7506103515625,770.3485717773438,577.54541015625,0.606816828250885,0
15,1535.5595703125,425.49957275390625,1713.30078125,798.810791015625,0.5958696007728577,0
15,1460.78515625,418.5421142578125,1559.9166259765625,797.0126953125,0.4908088147640228,0
15,1383.1533203125,420.1198425292969,1437.4456787109375,557.3757934570312,0.327310711145401,0
15,915.8864135742188,426.73895263671875,975.4725952148438,586.3507690429688,0.3095412850379944,0
15,803.8932495117188,466.556396484375,833.3624267578125,549.2774047851562,0.2652520537376404,0
15,672.0548706054688,449.1259460449219,736.900390625,609.2415771484375,0.2547759413719177,0
15,663.8677368164062,448.1510925292969,732.5198364257812,642.8360595703125,0.22617541253566742,0
15,1256.0540771484375,436.3875732421875,1291.520263671875,545.181884765625,0.22331999242305756,0
15,529.1070556640625,482.2522277832031,582.58642578125,698.848388671875,0.18824774026870728,0
15,1452.560302734375,423.9949951171875,1593.544921875,802.0783081054688,0.18770179152488708,0
15,1681.2847900390625,434.9523010253906,1782.92041015625,639.8767700195312,0.17767831683158875,0
15,472.5186767578125,470.73175048828125,568.5045776367188,725.2373657226562,0.17655164003372192,0
15,1828.465576171875,472.2937316894531,1898.2855224609375,652.2731323242188,0.176452174782753,0
15,1722.0545654296875,446.729736328125,1785.3460693359375,589.0160522460938,0.16718706488609314,0
15,832.2416381835938,465.4908447265625,876.5249633789062,550.401611328125,0.16280925273895264,0
15,1849.650146484375,386.8710021972656,1919.375244140625,652.73388671875,0.1549946516752243,0
15,1453.9776611328125,419.71142578125,1713.0213623046875,804.7283935546875,0.14456826448440552,0
15,931.6404418945312,429.3847961425781,969.3048706054688,530.3589477539062,0.14059969782829285,0
15,827.0476684570312,465.9364929199219,867.1473999023438,549.6959838867188,0.13784079253673553,0
15,1080.962158203125,454.3371276855469,1130.8096923828125,592.0840454101562,0.13533923029899597,0
15,1851.5313720703125,471.6914978027344,1918.5164794921875,654.101318359375,0.13395458459854126,0
15,848.5411376953125,462.0736083984375,880.943115234375,547.1076049804688,0.132034569978714,0
15,409.57391357421875,485.45281982421875,454.8957214355469,619.2687377929688,0.12886081635951996,0
15,1019.8612060546875,463.0144958496094,1056.1165771484375,527.6201171875,0.10999350249767303,0
15,1899.35009765625,480.2284240722656,1919.2998046875,642.5634765625,0.10362653434276581,0
15,1303.29736328125,417.205078125,1347.192138671875,548.8429565429688,0.10236068814992905,0
15,1689.829833984375,443.15167236328125,1779.3984375,590.6305541992188,0.10169951617717743,0
15,535.7470092773438,436.1045837402344,588.0333251953125,659.2632446289062,0.09527906775474548,0
15,1852.579833984375,519.42626953125,1907.764892578125,653.800048828125,0.08753995597362518,0
15,710.3174438476562,451.77850341796875,746.102294921875,581.5623779296875,0.08655758202075958,0
15,1103.18701171875,450.70294189453125,1134.3211669921875,573.268798828125,0.08458586037158966,0
15,773.4933471679688,459.69873046875,796.5701293945312,498.52294921875,0.08391013741493225,0
15,412.7833557128906,507.1443786621094,471.5356750488281,624.344482421875,0.08365815132856369,0
15,1894.1422119140625,425.8081970214844,1919.4466552734375,639.7802734375,0.07701383531093597,0
15,802.43408203125,460.1435852050781,829.764404296875,504.5721130371094,0.07176370918750763,0
15,437.0799865722656,448.8000183105469,494.5846252441406,620.5556640625,0.07123716920614243,0
15,412.08795166015625,480.70477294921875,450.6037292480469,528.9918823242188,0.06339071691036224,0
15,413.6471862792969,468.2671813964844,443.6072692871094,513.717041015625,0.06295657157897949,0
15,1441.2733154296875,478.382080078125,1549.6656494140625,798.9276123046875,0.06245831772685051,0
15,1560.971923828125,440.389892578125,1719.697265625,682.3313598632812,0.054498374462127686,0
15,982.5849609375,456.5627136230469,1016.6138305664062,528.5452880859375,0.0536016970872879,0
15,1679.05712890625,443.0054626464844,1757.4610595703125,587.88525390625,0.052375104278326035,0
15,969.4698486328125,467.5533142089844,1014.6273193359375,538.4617919921875,0.04895710200071335,0
15,879.091064453125,450.2760314941406,908.6821899414062,545.57666015625,0.04798303544521332,0
15,668.2200317382812,451.6161804199219,713.1084594726562,543.748046875,0.04726925119757652,0
15,732.5427856445312,449.3318786621094,767.1771850585938,507.38336181640625,0.04714630916714668,0
15,963.2523803710938,480.8775634765625,1019.6701049804688,587.3600463867188,0.04041587561368942,0
15,1008.6520385742188,459.10125732421875,1034.2574462890625,526.43701171875,0.03905201703310013,0
15,906.263916015625,441.0723571777344,955.579345703125,585.8775634765625,0.034892864525318146,0
15,874.1085815429688,470.7876892089844,907.780029296875,548.16796875,0.03386993333697319,0
15,883.706787109375,441.1520690917969,907.4130859375,484.5766296386719,0.0320625938475132,0
15,915.6612548828125,512.9376220703125,974.7825317382812,589.1248779296875,0.03089810535311699,0
15,1820.6107177734375,482.4903259277344,1883.3126220703125,638.6525268554688,0.0289420485496521,0
15,537.7799072265625,440.96807861328125,583.473876953125,506.7182312011719,0.028636587783694267,0
15,1400.13427734375,423.6944274902344,1440.6829833984375,557.3349609375,0.028573310002684593,0
15,415.3059997558594,464.0068359375,451.83489990234375,521.9155883789062,0.02739926427602768,0
15,1546.3458251953125,435.3977966308594,1581.1798095703125,516.7930908203125,0.02715590037405491,0
15,1540.7109375,434.18115234375,1574.36572265625,496.9183044433594,0.0267020333558321,0
15,1070.9322509765625,453.98583984375,1092.662841796875,500.0146179199219,0.02634008787572384,0
15,348.9181823730469,500.33489990234375,418.72998046875,567.10107421875,0.026057828217744827,0
15,365.53887939453125,498.2221374511719,423.4293212890625,564.1087646484375,0.02517361007630825,0
15,1827.0040283203125,532.5213012695312,1874.2928466796875,643.4551391601562,0.02500443533062935,0
15,429.6114807128906,446.7861328125,566.845703125,664.1398315429688,0.024938391521573067,0
15,1892.488037109375,403.8262939453125,1919.2705078125,520.92333984375,0.024557823315262794,0
15,1064.7239990234375,453.7242736816406,1092.3721923828125,516.28955078125,0.024380577728152275,0
15,1562.9820556640625,427.63165283203125,1652.9534912109375,662.3325805664062,0.02407495304942131,0
15,1892.3173828125,490.2425537109375,1919.3323974609375,650.7652587890625,0.02288607507944107,0
15,777.1697387695312,450.10943603515625,800.4124145507812,481.4903259277344,0.022337913513183594,0
15,1106.76416015625,442.69732666015625,1133.6903076171875,530.014892578125,0.02192910946905613,0
15,308.9242858886719,462.6426086425781,347.400146484375,566.93505859375,0.020829157903790474,0
15,982.9052124023438,439.66534423828125,1014.9375,520.9052124023438,0.020569661632180214,0
15,423.5162658691406,443.8462829589844,515.6141967773438,631.2063598632812,0.02041616290807724,0
15,1063.792724609375,471.45263671875,1124.7364501953125,594.4178466796875,0.019871605560183525,0
15,1037.7510986328125,503.2005615234375,1094.971923828125,589.24365234375,0.019754324108362198,0
15,1544.642578125,439.51080322265625,1581.72802734375,549.8281860351562,0.019557133316993713,0
15,1677.7691650390625,440.7615966796875,1716.708740234375,541.3114624023438,0.019443361088633537,0
15,1883.842529296875,393.1116027832031,1919.269775390625,499.1445007324219,0.0189950093626976,0
15,410.31793212890625,491.8937072753906,453.54986572265625,566.9086303710938,0.01894524320960045,0
15,537.0401000976562,440.8021545410156,581.6810302734375,541.2817993164062,0.018726546317338943,0
15,1846.0089111328125,472.8796691894531,1883.893798828125,541.37646484375,0.018632566556334496,0
15,1260.62353515625,417.5158996582031,1308.9857177734375,547.29150390625,0.018363026902079582,0
15,963.6179809570312,475.1971435546875,998.4816284179688,534.3264770507812,0.018104789778590202,0
15,814.2338256835938,469.2953796386719,848.5498046875,551.7689819335938,0.017641769722104073,0
15,960.0355224609375,447.19976806640625,980.01416015625,525.5180053710938,0.016635512933135033,0
15,1875.4896240234375,387.424072265625,1918.9434814453125,514.9524536132812,0.01612250693142414,0
15,1678.940185546875,475.6337890625,1767.813720703125,635.3754272460938,0.01603667065501213,0
15,650.8607177734375,449.612548828125,675.9360961914062,482.5014953613281,0.01600159890949726,0
15,1072.77294921875,438.2013244628906,1092.6080322265625,495.3899230957031,0.015878872945904732,0
15,965.1939697265625,507.12890625,1055.733154296875,587.4885864257812,0.015778392553329468,0
15,951.59619140625,441.386474609375,983.8928833007812,522.6359252929688,0.015726396813988686,0
15,1729.6253662109375,456.9192199707031,1793.8931884765625,577.6744384765625,0.015645183622837067,0
15,435.8868713378906,445.26324462890625,509.4780578613281,598.3282470703125,0.015330320224165916,0
15,1061.8690185546875,433.701904296875,1082.251220703125,487.771484375,0.014654246158897877,0
15,792.6633911132812,451.6959228515625,809.4479370117188,478.83306884765625,0.014561379328370094,0
15,1465.041259765625,435.6312561035156,1565.55078125,670.2398071289062,0.014369114302098751,0
15,486.2002258300781,453.86480712890625,553.2693481445312,672.5858154296875,0.014107265509665012,0
15,1430.5152587890625,489.7964172363281,1477.9912109375,611.5106201171875,0.013210942968726158,0
15,910.682373046875,432.6221008300781,964.1641845703125,564.7843017578125,0.0124398497864604,0
15,874.6723022460938,494.7999572753906,908.3087768554688,549.2044067382812,0.012366965413093567,0
15,1067.05419921875,445.9336853027344,1102.722412109375,579.9495849609375,0.012350877746939659,0
15,777.2536010742188,453.3437805175781,804.5070190429688,497.2310485839844,0.01152084395289421,0
15,950.3397216796875,501.3992614746094,1015.4791259765625,587.7559814453125,0.01126418262720108,0
15,445.4644775390625,455.7572021484375,501.6185302734375,552.7459716796875,0.010788770392537117,0
15,710.9105224609375,465.4358825683594,781.4801025390625,643.7974243164062,0.010266407392919064,0
15,319.9757995605469,460.9966735839844,359.0052795410156,567.896728515625,0.010164671577513218,0
15,1482.521484375,446.1963806152344,1590.951416015625,682.6701049804688,0.010134587064385414,0
16,583.5166625976562,444.3400573730469,676.2828369140625,710.642578125,0.7683395743370056,0
16,1549.95556640625,421.1049499511719,1734.531005859375,804.9537963867188,0.6740388870239258,0
16,445.5372619628906,442.6121520996094,561.5242919921875,726.3988037109375,0.6510847806930542,0
16,731.1677856445312,454.37933349609375,768.325927734375,576.5372924804688,0.49161627888679504,0
16,1461.3021240234375,425.5751037597656,1567.93798828125,799.887451171875,0.40181607007980347,0
16,1382.8568115234375,423.4280090332031,1438.365966796875,557.5671997070312,0.3842664957046509,0
16,1255.3675537109375,432.4288330078125,1292.7086181640625,544.686279296875,0.32951200008392334,0
16,661.2217407226562,447.48980712890625,730.0562133789062,647.12548828125,0.2707531750202179,0
16,531.351806640625,482.3348693847656,583.5375366210938,698.7184448242188,0.270515501499176,0
16,916.9301147460938,425.6047668457031,975.9369506835938,586.0926513671875,0.23249192535877228,0
16,477.5869445800781,457.31524658203125,563.2864990234375,722.65576171875,0.2288515418767929,0
16,803.9349975585938,465.64300537109375,833.6530151367188,549.0732421875,0.22169801592826843,0
16,1829.8421630859375,462.1584777832031,1910.7410888671875,653.0486450195312,0.20874519646167755,0
16,1079.388427734375,454.5908203125,1131.487060546875,592.8502807617188,0.2025245875120163,0
16,1718.7557373046875,446.9077453613281,1786.9493408203125,587.0772705078125,0.16860827803611755,0
16,679.1517333984375,450.93365478515625,737.091796875,611.7357788085938,0.16306810081005096,0
16,1305.591552734375,418.5731506347656,1343.8778076171875,547.24755859375,0.1621503233909607,0
16,833.072021484375,465.24072265625,875.8597412109375,549.846435546875,0.144526407122612,0
16,931.9169311523438,429.2921447753906,968.1253051757812,518.8855590820312,0.14183583855628967,0
16,1847.662353515625,466.4382019042969,1918.442138671875,655.6292724609375,0.13086535036563873,0
16,1681.07861328125,439.71148681640625,1789.4093017578125,636.8275146484375,0.12900449335575104,0
16,917.8485717773438,468.4376220703125,977.8712768554688,587.6531982421875,0.1201254352927208,0
16,1097.4437255859375,450.6261291503906,1133.77734375,578.7392578125,0.11836519837379456,0
16,1454.81103515625,416.3265380859375,1670.9498291015625,810.1593017578125,0.11652664840221405,0
16,1850.471923828125,392.0042724609375,1919.294677734375,654.0928344726562,0.11376509070396423,0
16,849.9342041015625,461.1949768066406,880.0491943359375,546.1934204101562,0.11110273003578186,0
16,535.6170654296875,439.67852783203125,590.75830078125,709.4464111328125,0.11024096608161926,0
16,1897.196044921875,448.12548828125,1919.3642578125,639.2845458984375,0.10328377038240433,0
16,1018.7041625976562,460.4642028808594,1057.322509765625,527.4158935546875,0.09386857599020004,0
16,823.960693359375,465.7861633300781,860.9197998046875,550.6242065429688,0.09144451469182968,0
16,1851.4835205078125,522.364013671875,1906.2305908203125,654.7888793945312,0.09131201356649399,0
16,1446.894775390625,511.1335144042969,1555.0968017578125,801.2344360351562,0.08973362296819687,0
16,706.4315795898438,451.6690979003906,737.00048828125,579.6464233398438,0.08870219439268112,0
16,1695.63623046875,443.173095703125,1784.650390625,574.0400390625,0.08084723353385925,0
16,1824.4830322265625,478.7657775878906,1892.5755615234375,646.67431640625,0.07386916875839233,0
16,773.2911987304688,459.3869934082031,797.4973754882812,497.3458557128906,0.07035229355096817,0
16,666.0029907226562,451.17626953125,713.0036010742188,534.15771484375,0.0703507736325264,0
16,982.7679443359375,455.33673095703125,1018.6031494140625,533.664306640625,0.06760269403457642,0
16,717.9943237304688,451.4037780761719,764.679443359375,584.3324584960938,0.06623420864343643,0
16,970.3053588867188,464.7959289550781,1016.4838256835938,547.6712646484375,0.064772829413414,0
16,878.5814819335938,450.50531005859375,909.5147705078125,545.1785888671875,0.06324868649244308,0
16,801.5670776367188,459.3131103515625,829.5195922851562,502.46539306640625,0.060409512370824814,0
16,410.8569030761719,479.9052734375,450.1791687011719,529.7634887695312,0.058042921125888824,0
16,410.3293762207031,489.570556640625,453.4529113769531,615.9248657226562,0.05761062353849411,0
16,1681.7352294921875,444.3538818359375,1753.1741943359375,558.9010009765625,0.0567622072994709,0
16,964.0151977539062,474.5327453613281,1019.95263671875,587.1264038085938,0.05264774709939957,0
16,412.9156494140625,467.4075622558594,442.814208984375,514.2217407226562,0.051426466554403305,0
16,873.9135131835938,472.57977294921875,908.2430419921875,549.0858154296875,0.04647053778171539,0
16,1471.302001953125,434.48126220703125,1569.7655029296875,646.3341674804688,0.04367295280098915,0
16,437.98919677734375,446.3266296386719,538.6382446289062,617.5327758789062,0.04259466752409935,0
16,528.5870971679688,444.2508544921875,574.0029296875,708.3197021484375,0.03999604657292366,0
16,1258.01220703125,418.4849853515625,1307.3319091796875,548.615478515625,0.03945549577474594,0
16,883.7319946289062,443.3455810546875,906.8186645507812,484.922607421875,0.03569670021533966,0
16,1582.275634765625,428.7966613769531,1661.9693603515625,552.4545288085938,0.03166866675019264,0
16,711.4671020507812,459.19329833984375,747.7483520507812,602.416259765625,0.030714858323335648,0
16,732.5922241210938,449.84765625,764.5632934570312,490.0623779296875,0.030320575460791588,0
16,411.16094970703125,494.96551513671875,479.349609375,625.9982299804688,0.030267713591456413,0
16,1005.7169189453125,455.9290466308594,1031.056640625,526.2063598632812,0.030214602127671242,0
16,361.0514831542969,496.53277587890625,426.4273681640625,564.674072265625,0.029818259179592133,0
16,665.8992919921875,449.5737609863281,709.5858154296875,505.7118835449219,0.029506037011742592,0
16,1398.348876953125,454.8087158203125,1437.7469482421875,558.3488159179688,0.028954004868865013,0
16,1837.0001220703125,503.8391418457031,1907.1661376953125,654.6109008789062,0.028251249343156815,0
16,309.42059326171875,461.886474609375,346.8533020019531,567.8701171875,0.025091420859098434,0
16,1893.6214599609375,412.74920654296875,1919.2730712890625,524.681396484375,0.02491956390440464,0
16,1102.210693359375,443.1197204589844,1133.3199462890625,555.2062377929688,0.024484461173415184,0
16,539.562255859375,444.8004455566406,583.6729125976562,506.9636535644531,0.023456420749425888,0
16,776.6178588867188,450.4380798339844,800.5570678710938,483.4216003417969,0.022700559347867966,0
16,960.8580322265625,498.50482177734375,1026.9847412109375,587.3844604492188,0.022658854722976685,0
16,1679.9066162109375,445.1230163574219,1729.1282958984375,550.3032836914062,0.022605672478675842,0
16,1562.9600830078125,429.8971252441406,1714.9368896484375,677.7578125,0.021953916177153587,0
16,412.114501953125,495.6837158203125,461.3375549316406,595.9931640625,0.021792838349938393,0
16,1550.3719482421875,434.3606872558594,1583.13427734375,540.8179931640625,0.0213009063154459,0
16,1070.2069091796875,453.5857849121094,1092.4178466796875,520.9323120117188,0.02105736918747425,0
16,661.561279296875,518.1179809570312,705.1729736328125,654.102783203125,0.020685719326138496,0
16,415.49395751953125,463.44195556640625,452.5740051269531,523.8599853515625,0.02015775628387928,0
16,963.529541015625,474.80596923828125,1002.4456787109375,536.6445922851562,0.01968575268983841,0
16,905.3999633789062,447.1795349121094,940.9502563476562,583.8341674804688,0.019251761958003044,0
16,716.6669311523438,466.6103210449219,779.9617309570312,648.8125,0.018636107444763184,0
16,965.7815551757812,503.17767333984375,1058.3724365234375,588.1387939453125,0.018413187935948372,0
16,1884.720703125,393.7306823730469,1919.268310546875,501.7123718261719,0.01824733056128025,0
16,1845.3160400390625,470.18170166015625,1885.3377685546875,539.3900756835938,0.01734086312353611,0
16,1827.3662109375,530.6506958007812,1876.98046875,644.0335693359375,0.01731783337891102,0
16,487.6479797363281,451.8174133300781,550.4863891601562,623.89990234375,0.01664537563920021,0
16,1432.6492919921875,482.42193603515625,1485.8258056640625,612.167724609375,0.01657266356050968,0
16,348.7191467285156,496.9905700683594,413.89837646484375,566.0885009765625,0.016395218670368195,0
16,1890.0758056640625,496.8879089355469,1919.312255859375,650.62744140625,0.016348177567124367,0
16,959.0971069335938,447.7442626953125,979.3597412109375,525.6668701171875,0.015878381207585335,0
16,408.3498229980469,491.27508544921875,452.65118408203125,562.437744140625,0.01576942764222622,0
16,914.1057739257812,501.8771667480469,975.946533203125,589.0291137695312,0.015480541624128819,0
16,706.4364013671875,448.9172058105469,733.5863647460938,490.579833984375,0.015468962490558624,0
16,953.0286254882812,441.50994873046875,985.2874145507812,523.1314086914062,0.01540139690041542,0
16,301.73724365234375,468.9560852050781,342.42877197265625,565.845703125,0.014549731276929379,0
16,777.6326293945312,452.586181640625,805.2284545898438,499.05780029296875,0.013948585838079453,0
16,914.3351440429688,438.7646484375,958.6038208007812,574.856689453125,0.013928964734077454,0
16,689.6878662109375,449.2449035644531,731.1458740234375,493.27142333984375,0.0139195891097188,0
16,538.5452270507812,448.4532165527344,584.7130126953125,563.1947631835938,0.013847111724317074,0
16,411.9366760253906,440.9358215332031,517.2913208007812,633.2701416015625,0.013522794470191002,0
16,1571.92236328125,428.5007019042969,1655.436767578125,640.8474731445312,0.013363280333578587,0
16,1028.1278076171875,421.3773193359375,1060.9110107421875,525.2032470703125,0.01323025207966566,0
16,1061.850341796875,433.4320068359375,1082.33837890625,489.8633728027344,0.013152167201042175,0
16,1071.4747314453125,438.9725646972656,1092.624755859375,495.19061279296875,0.012873075902462006,0
16,914.898193359375,432.7900085449219,965.8178100585938,549.7174072265625,0.012667770497500896,0
16,1876.33056640625,387.5851135253906,1918.9088134765625,484.3799743652344,0.012546113692224026,0
16,944.2954711914062,497.1199951171875,1017.026611328125,588.204345703125,0.01217930018901825,0
16,792.586669921875,451.83416748046875,811.8739013671875,480.19903564453125,0.01143417414277792,0
16,1869.89794921875,388.42840576171875,1918.612060546875,508.2853088378906,0.011397919617593288,0
16,650.9197998046875,450.4433898925781,674.93994140625,488.0215759277344,0.011129540391266346,0
16,660.7591552734375,544.4329833984375,695.1071166992188,653.7279052734375,0.010583223775029182,0
16,446.47613525390625,457.65380859375,501.3146667480469,551.25732421875,0.010541065596044064,0
16,318.25103759765625,451.7039794921875,366.22833251953125,566.4157104492188,0.010522475466132164,0
16,1066.7802734375,442.1642150878906,1105.9130859375,587.3656616210938,0.010189664550125599,0
17,1558.7344970703125,421.3211975097656,1747.7685546875,806.445556640625,0.7723861336708069,0
17,583.4248657226562,446.1545104980469,676.4208374023438,713.3115844726562,0.7652490735054016,0
17,446.45758056640625,442.7274169921875,561.7190551757812,727.3869018554688,0.6589446067810059,0
17,729.1784057617188,455.4891357421875,766.3742065429688,575.4838256835938,0.44898420572280884,0
17,1453.458740234375,419.88427734375,1596.3912353515625,803.2412719726562,0.3624610900878906,0
17,1255.2371826171875,435.26165771484375,1290.5069580078125,544.115478515625,0.30574673414230347,0
17,472.9523620605469,476.4882507324219,566.940185546875,727.6847534179688,0.25106823444366455,0
17,661.5520629882812,449.3583068847656,728.58349609375,648.3983154296875,0.22831577062606812,0
17,1830.0294189453125,468.2194519042969,1904.32373046875,651.99853515625,0.22463512420654297,0
17,668.562255859375,454.1991882324219,732.9990844726562,605.5629272460938,0.19839391112327576,0
17,1384.0927734375,427.28558349609375,1439.077880859375,556.916015625,0.18865226209163666,0
17,689.9393310546875,452.63616943359375,735.1014404296875,596.848388671875,0.18377459049224854,0
17,532.6869506835938,489.43963623046875,576.1248779296875,706.9011840820312,0.1821390837430954,0
17,1455.973876953125,419.94635009765625,1654.9637451171875,808.7265014648438,0.17574617266654968,0
17,804.4698486328125,466.7302551269531,833.4050903320312,550.8765258789062,0.17573179304599762,0
17,1305.5262451171875,419.0997009277344,1344.2406005859375,547.6984252929688,0.17514893412590027,0
17,1848.5313720703125,470.8779602050781,1919.3228759765625,652.8265380859375,0.16800722479820251,0
17,1454.62060546875,430.37603759765625,1548.9473876953125,802.4425048828125,0.16176149249076843,0
17,812.24072265625,471.1568603515625,842.8374633789062,549.4137573242188,0.13553069531917572,0
17,934.3463745117188,431.53509521484375,967.4423217773438,516.4786376953125,0.1302620768547058,0
17,1082.5775146484375,455.82586669921875,1130.30615234375,593.653564453125,0.1280357539653778,0
17,1899.2325439453125,475.3818054199219,1919.3111572265625,638.4840698242188,0.12640608847141266,0
17,916.3851928710938,432.12945556640625,974.9097290039062,589.8900146484375,0.12598182260990143,0
17,1850.961181640625,521.2659912109375,1906.0770263671875,654.3419189453125,0.12353388220071793,0
17,707.0765380859375,452.117431640625,736.6790771484375,584.0894165039062,0.1200980693101883,0
17,1726.4454345703125,452.5194396972656,1789.1400146484375,589.6970825195312,0.10778897255659103,0
17,830.496826171875,469.7357482910156,871.1863403320312,550.3444213867188,0.10380300134420395,0
17,1452.385986328125,539.9127197265625,1555.2030029296875,801.6791381835938,0.10040433704853058,0
17,1428.081298828125,479.65130615234375,1471.818603515625,551.0582885742188,0.09656380861997604,0
17,819.1696166992188,469.4836120605469,853.7337036132812,551.0007934570312,0.09552935510873795,0
17,720.7688598632812,451.1921081542969,764.7766723632812,585.8150634765625,0.09232094883918762,0
17,1103.7752685546875,453.0156555175781,1133.9796142578125,570.8926391601562,0.08918759226799011,0
17,536.161376953125,440.3280029296875,588.9530639648438,689.4573364257812,0.08185997605323792,0
17,1071.0977783203125,471.8839416503906,1127.8084716796875,595.2730102539062,0.08179444819688797,0
17,981.9702758789062,448.519775390625,1020.1759643554688,541.7389526367188,0.08158165216445923,0
17,1020.8802490234375,454.6976013183594,1057.5010986328125,528.3392333984375,0.08097971230745316,0
17,970.759521484375,460.8392028808594,1017.808837890625,552.9086303710938,0.07915608584880829,0
17,1824.9730224609375,483.8334045410156,1889.2445068359375,645.6284790039062,0.06680688261985779,0
17,411.8792724609375,468.06005859375,441.10455322265625,513.487060546875,0.06536071747541428,0
17,667.5791015625,452.4526062011719,712.8453369140625,544.3350219726562,0.06321369111537933,0
17,1692.0333251953125,441.5594787597656,1791.10400390625,633.8745727539062,0.062413327395915985,0
17,773.2040405273438,458.1807861328125,797.1820678710938,497.4755859375,0.061147987842559814,0
17,853.38720703125,463.5136413574219,884.2899169921875,547.7601928710938,0.05746416747570038,0
17,408.67236328125,480.97100830078125,446.90167236328125,528.9901123046875,0.057069629430770874,0
17,414.9009704589844,486.4479675292969,450.8883361816406,529.1935424804688,0.0511009506881237,0
17,440.3478698730469,445.9342346191406,561.2904663085938,613.7760009765625,0.048351071774959564,0
17,963.8927001953125,459.12774658203125,1020.4393310546875,582.108154296875,0.047127336263656616,0
17,1701.321533203125,443.6824951171875,1783.084716796875,575.84423828125,0.04597032815217972,0
17,730.3431396484375,450.251953125,764.64111328125,523.5970458984375,0.04405137151479721,0
17,1450.3167724609375,422.9892883300781,1729.913818359375,813.0776977539062,0.040794942528009415,0
17,1070.509033203125,455.1960754394531,1093.206787109375,495.1009826660156,0.039997637271881104,0
17,1007.030517578125,457.33172607421875,1049.9658203125,528.5531616210938,0.038579102605581284,0
17,1427.36474609375,478.61163330078125,1487.946533203125,601.8067016601562,0.03770950436592102,0
17,800.8306274414062,459.1853942871094,826.66845703125,499.7297058105469,0.0348304845392704,0
17,306.3369140625,460.426025390625,343.7286071777344,567.5886840820312,0.03440171480178833,0
17,1003.705322265625,451.9897155761719,1027.431884765625,527.094970703125,0.0338917151093483,0
17,878.1903076171875,449.74652099609375,908.29248046875,545.7535400390625,0.03363509848713875,0
17,540.6788330078125,447.0806579589844,583.5068359375,510.76153564453125,0.03303617611527443,0
17,1657.5106201171875,440.9651184082031,1734.7987060546875,642.0763549804688,0.032283518463373184,0
17,802.6519775390625,471.2806091308594,827.876953125,527.5402221679688,0.03224838897585869,0
17,871.9572143554688,480.1006164550781,905.5863647460938,547.1666259765625,0.032171450555324554,0
17,711.9950561523438,460.0382385253906,752.9302978515625,599.8054809570312,0.03186856210231781,0
17,1064.4708251953125,452.1815490722656,1091.789794921875,508.5551452636719,0.031504370272159576,0
17,668.9965209960938,450.7262878417969,707.0154418945312,492.3549499511719,0.030277008190751076,0
17,1728.854736328125,486.6325378417969,1787.416259765625,583.5934448242188,0.030017616227269173,0
17,1890.4727783203125,490.5456848144531,1919.3126220703125,650.7566528320312,0.029643122106790543,0
17,1097.7576904296875,448.1516418457031,1135.7193603515625,582.20654296875,0.029315732419490814,0
17,411.1185607910156,496.58551025390625,452.5042419433594,577.4507446289062,0.029142841696739197,0
17,1410.4390869140625,478.4822692871094,1445.3121337890625,558.1239624023438,0.02725396677851677,0
17,1258.0133056640625,418.0782165527344,1307.3609619140625,548.3795166015625,0.026960834860801697,0
17,962.9029541015625,473.1900329589844,1008.6273193359375,551.51318359375,0.025570249184966087,0
17,806.1828002929688,481.7991943359375,827.8493041992188,544.4505615234375,0.024523431435227394,0
17,968.9959716796875,444.6383056640625,1014.456298828125,539.8209228515625,0.024517841637134552,0
17,1827.7327880859375,533.9344482421875,1869.8895263671875,643.241455078125,0.024506449699401855,0
17,357.5631103515625,498.9950256347656,424.3722839355469,565.3309326171875,0.023862380534410477,0
17,850.6190185546875,479.7336730957031,891.97412109375,549.5762939453125,0.023457840085029602,0
17,1845.4833984375,471.27777099609375,1884.4658203125,540.2713623046875,0.02343418076634407,0
17,663.95654296875,492.29425048828125,710.89990234375,651.77197265625,0.023307539522647858,0
17,1868.86279296875,387.3014831542969,1919.4346923828125,642.4627685546875,0.022472117096185684,0
17,690.28076171875,450.4194030761719,730.9642333984375,500.2101745605469,0.022096889093518257,0
17,1706.85498046875,447.2168884277344,1762.3212890625,574.167724609375,0.02194172330200672,0
17,419.7583923339844,461.2207946777344,501.3335266113281,628.3870849609375,0.021817034110426903,0
17,1072.1802978515625,439.5775451660156,1092.97412109375,491.4031677246094,0.021815374493598938,0
17,1060.9375,434.4635009765625,1080.1822509765625,486.54620361328125,0.02161351777613163,0
17,411.4185791015625,436.5030212402344,548.800048828125,634.1499633789062,0.02150404267013073,0
17,1687.099853515625,444.1324768066406,1746.9376220703125,552.8375854492188,0.021417684853076935,0
17,1702.655029296875,499.338134765625,1787.9803466796875,637.8114624023438,0.02036021277308464,0
17,1107.25390625,444.3358459472656,1132.0489501953125,497.3267517089844,0.020273009315133095,0
17,1478.9853515625,439.2433166503906,1574.6751708984375,638.8629760742188,0.01982569508254528,0
17,1895.340087890625,429.6233825683594,1919.279296875,525.42578125,0.01963100954890251,0
17,964.2584838867188,442.2623291015625,991.9081420898438,521.61474609375,0.019029097631573677,0
17,821.5980834960938,461.2461853027344,865.4058837890625,551.7462158203125,0.01889430731534958,0
17,509.58251953125,446.74932861328125,572.1859130859375,713.3319091796875,0.018856113776564598,0
17,1657.875,506.6293029785156,1746.469482421875,633.1868286132812,0.0188018586486578,0
17,1591.75927734375,436.4612731933594,1742.267578125,644.2852172851562,0.018793519586324692,0
17,414.2829895019531,462.6275939941406,451.7701721191406,523.424072265625,0.017782529816031456,0
17,709.6949462890625,450.6976318359375,740.5277099609375,522.0536499023438,0.017566561698913574,0
17,883.538818359375,442.5780944824219,907.3602905273438,480.4953918457031,0.017552321776747704,0
17,1409.089111328125,484.75067138671875,1432.7852783203125,557.2179565429688,0.017541831359267235,0
17,1199.90185546875,487.480224609375,1218.8369140625,521.2930297851562,0.017236564308404922,0
17,962.047119140625,446.5491027832031,984.131103515625,524.368896484375,0.017111770808696747,0
17,775.7883911132812,451.53106689453125,800.1172485351562,485.1875,0.0168705265969038,0
17,1693.3970947265625,441.0666809082031,1759.0103759765625,536.5436401367188,0.01662667654454708,0
17,1575.6756591796875,442.3748474121094,1686.3665771484375,680.1685791015625,0.016274452209472656,0
17,1593.6983642578125,427.7926940917969,1673.3690185546875,555.9968872070312,0.01621916890144348,0
17,1660.7215576171875,445.0018615722656,1725.6005859375,548.5173950195312,0.016119131818413734,0
17,1069.9205322265625,447.1015319824219,1103.7752685546875,584.4035034179688,0.016036638990044594,0
17,1030.9677734375,429.483154296875,1059.6549072265625,494.2978210449219,0.014373530633747578,0
17,1884.7501220703125,394.1986999511719,1919.26513671875,499.66461181640625,0.014365474693477154,0
17,1158.2645263671875,442.6302795410156,1186.432373046875,524.58544921875,0.014353745616972446,0
17,1833.5174560546875,411.8209533691406,1919.1302490234375,646.6941528320312,0.013999703340232372,0
17,873.576416015625,494.5441589355469,907.87060546875,549.4519653320312,0.013862128369510174,0
17,1847.5184326171875,468.80877685546875,1911.1212158203125,587.7061157226562,0.013791589997708797,0
17,1055.847412109375,477.39697265625,1095.0103759765625,536.31103515625,0.01374593935906887,0
17,534.1168212890625,449.29150390625,565.990234375,503.722900390625,0.012989727780222893,0
17,963.6264038085938,498.3917541503906,1015.9898071289062,578.0924072265625,0.012952957302331924,0
17,1049.767822265625,493.7438049316406,1095.6859130859375,586.83544921875,0.01226081233471632,0
17,998.8892211914062,421.1069641113281,1028.814453125,504.0606994628906,0.01224894542247057,0
17,302.4404296875,479.8087463378906,340.23919677734375,566.0929565429688,0.011655707843601704,0
17,1117.4698486328125,454.927001953125,1142.7281494140625,538.5243530273438,0.011461128480732441,0
17,663.8507080078125,546.7626342773438,697.0772094726562,654.498779296875,0.011210300959646702,0
17,1720.02392578125,448.138916015625,1780.679443359375,513.913330078125,0.010647617280483246,0
17,323.00677490234375,453.1480407714844,366.7633972167969,566.584228515625,0.010612692683935165,0
17,709.3814086914062,467.7818603515625,782.5012817382812,649.2283935546875,0.010528529062867165,0
17,1121.05078125,457.657958984375,1146.722900390625,542.2715454101562,0.010297661647200584,0
17,758.824462890625,463.6694641113281,787.0589599609375,517.7809448242188,0.010170531459152699,0
17,1473.6470947265625,419.7745056152344,1584.7281494140625,682.9935302734375,0.01009270641952753,0
18,583.796142578125,444.6960754394531,676.7657470703125,713.5375366210938,0.7898094654083252,0
18,448.9390869140625,443.1118469238281,562.0640258789062,727.3834228515625,0.7160769104957581,0
18,1575.743408203125,429.4942932128906,1751.0174560546875,809.5225219726562,0.7102653980255127,0
18,1455.7606201171875,420.4808349609375,1667.49462890625,812.1939697265625,0.6831534504890442,0
18,727.866943359375,457.90423583984375,765.4361572265625,575.2770385742188,0.4405369758605957,0
18,1255.1173095703125,437.01287841796875,1289.96044921875,543.8055419921875,0.3849848508834839,0
18,1834.11962890625,470.24267578125,1891.9937744140625,651.0206909179688,0.22991296648979187,0
18,804.4559936523438,466.2631530761719,833.765869140625,550.9573974609375,0.20857173204421997,0
18,918.5577392578125,432.714111328125,974.4561767578125,589.3449096679688,0.20557375252246857,0
18,1080.9942626953125,456.6006774902344,1130.7850341796875,593.6415405273438,0.20115207135677338,0
18,662.12646484375,450.11846923828125,729.895263671875,643.7257690429688,0.19924065470695496,0
18,668.6011962890625,451.6266174316406,736.166748046875,606.2979736328125,0.1866353154182434,0
18,687.3685913085938,453.3142395019531,734.09326171875,592.9661254882812,0.16975674033164978,0
18,1305.0618896484375,418.63653564453125,1343.1591796875,547.7221069335938,0.16877424716949463,0
18,472.8360290527344,473.8067626953125,564.3912963867188,727.738525390625,0.1635529100894928,0
18,1899.015380859375,478.53955078125,1919.349609375,637.7911987304688,0.15972477197647095,0
18,707.4761352539062,452.67333984375,736.3851928710938,580.2302856445312,0.15087458491325378,0
18,933.5209350585938,433.3202819824219,967.3135986328125,516.6553955078125,0.15042968094348907,0
18,533.6982421875,483.2734680175781,579.8082885742188,700.232177734375,0.14598605036735535,0
18,810.0957641601562,469.8618469238281,841.8715209960938,549.746826171875,0.14445596933364868,0
18,969.325439453125,446.4401550292969,1021.3187866210938,568.3916625976562,0.1355806440114975,0
18,1850.587646484375,471.9048156738281,1919.243408203125,651.8458251953125,0.13313595950603485,0
18,980.7138671875,444.9826354980469,1023.5105590820312,554.6314697265625,0.1322229951620102,0
18,1100.3936767578125,453.4437561035156,1134.1275634765625,579.000244140625,0.12788532674312592,0
18,1022.0524291992188,453.6019592285156,1057.0848388671875,527.9260864257812,0.1140027865767479,0
18,1851.114990234375,527.4114379882812,1904.987548828125,654.3324584960938,0.11259976774454117,0
18,835.4656372070312,470.8450012207031,872.1693115234375,550.4581298828125,0.1068878024816513,0
18,412.3664245605469,491.62408447265625,455.3011779785156,616.9429321289062,0.10329022258520126,0
18,1874.222900390625,468.25103759765625,1919.1123046875,650.8985595703125,0.10310214012861252,0
18,1734.4595947265625,459.8988952636719,1788.3526611328125,589.3152465820312,0.09472405910491943,0
18,1383.85595703125,428.8986511230469,1442.8067626953125,559.8983154296875,0.09448859095573425,0
18,537.36572265625,439.53497314453125,585.78173828125,570.1538696289062,0.07194510102272034,0
18,1439.876708984375,473.98919677734375,1469.138671875,542.9014892578125,0.0681869387626648,0
18,304.8613586425781,460.4326171875,342.310546875,567.4183959960938,0.06771260499954224,0
18,1701.2388916015625,445.0419921875,1765.28515625,579.456298828125,0.06258560717105865,0
18,667.5883178710938,453.1711120605469,713.4736328125,537.9412231445312,0.061305392533540726,0
18,815.09423828125,469.47198486328125,851.2423706054688,551.1791381835938,0.06042496860027313,0
18,852.2849731445312,462.886962890625,884.5150146484375,548.11376953125,0.06038573011755943,0
18,416.7821044921875,486.3626403808594,451.06109619140625,529.10546875,0.05868411064147949,0
18,1693.217041015625,498.62237548828125,1786.4239501953125,636.372802734375,0.057984258979558945,0
18,729.3424072265625,450.05255126953125,764.524658203125,544.7234497070312,0.057134710252285004,0
18,413.7195739746094,466.86376953125,442.0562438964844,513.4752807617188,0.05440203845500946,0
18,997.1500854492188,453.1079406738281,1038.2352294921875,528.5125732421875,0.048851992934942245,0
18,542.1390380859375,444.8116149902344,583.7514038085938,511.9994201660156,0.048598598688840866,0
18,1707.424072265625,447.5186767578125,1788.533203125,633.6697998046875,0.048531241714954376,0
18,1069.608154296875,454.6102294921875,1093.35400390625,517.6876831054688,0.0459010936319828,0
18,1091.2979736328125,448.08233642578125,1135.79931640625,592.3905029296875,0.04568246752023697,0
18,802.9601440429688,459.2852783203125,828.1843872070312,502.33447265625,0.04537930339574814,0
18,880.0194091796875,444.879638671875,911.1262817382812,547.7488403320312,0.04505228251218796,0
18,804.0238037109375,466.11431884765625,828.5203857421875,532.5016479492188,0.043549586087465286,0
18,1732.7164306640625,490.52227783203125,1786.72412109375,583.6861572265625,0.04318537190556526,0
18,874.2361450195312,476.67626953125,906.7556762695312,548.7821044921875,0.042262591421604156,0
18,1672.735107421875,443.7929992675781,1741.5194091796875,637.2557983398438,0.03978072106838226,0
18,774.8439331054688,459.3035888671875,798.5022583007812,497.11669921875,0.03847920894622803,0
18,520.7147827148438,444.90582275390625,576.9429931640625,716.3047485351562,0.034256573766469955,0
18,1398.3905029296875,453.2291564941406,1442.2607421875,556.6893920898438,0.033923473209142685,0
18,962.3849487304688,455.20343017578125,1009.540283203125,569.9697265625,0.032340168952941895,0
18,1844.5537109375,470.7547302246094,1884.4044189453125,541.2748413085938,0.031764570623636246,0
18,1692.6507568359375,446.24908447265625,1753.4051513671875,551.3362426757812,0.03152424842119217,0
18,1676.0255126953125,506.14764404296875,1754.937744140625,634.8433227539062,0.03139415755867958,0
18,418.0518493652344,458.3470458984375,505.1750793457031,628.341064453125,0.03003961779177189,0
18,806.50048828125,472.4543151855469,828.1343994140625,545.324951171875,0.029941685497760773,0
18,668.6928100585938,451.3511657714844,707.0101928710938,497.60186767578125,0.029448198154568672,0
18,1893.544189453125,489.77947998046875,1919.215576171875,649.8257446289062,0.02827591262757778,0
18,1827.7803955078125,533.7484741210938,1869.29296875,642.2697143554688,0.028156796470284462,0
18,1410.1278076171875,475.10174560546875,1436.4085693359375,556.8549194335938,0.027354646474123,0
18,709.987060546875,451.03009033203125,739.2434692382812,518.6226196289062,0.027346324175596237,0
18,1055.227783203125,463.0437927246094,1125.2333984375,595.9495849609375,0.02724304050207138,0
18,996.833740234375,422.5780334472656,1031.649169921875,516.40673828125,0.026330232620239258,0
18,440.52685546875,441.24920654296875,553.0582275390625,634.0046997070312,0.02632135897874832,0
18,349.8485412597656,500.36773681640625,417.16644287109375,567.2422485351562,0.02604306861758232,0
18,1699.7076416015625,504.32666015625,1748.6605224609375,621.195556640625,0.02567005157470703,0
18,1489.6422119140625,435.872314453125,1593.326416015625,654.5414428710938,0.02566029690206051,0
18,848.0640258789062,478.19854736328125,888.258056640625,550.0004272460938,0.025417089462280273,0
18,437.6041564941406,446.50433349609375,526.0224609375,626.9188842773438,0.02480035088956356,0
18,705.1785278320312,468.1729736328125,740.0284423828125,598.6200561523438,0.024686917662620544,0
18,1001.1377563476562,444.95013427734375,1050.3641357421875,531.5747680664062,0.024383731186389923,0
18,414.7878112792969,514.0021362304688,480.2170715332031,623.3065185546875,0.02410805970430374,0
18,1069.3583984375,448.1868896484375,1102.0147705078125,585.3145751953125,0.02399359457194805,0
18,366.1131286621094,499.03564453125,422.6986083984375,562.459716796875,0.02384881302714348,0
18,1157.67919921875,437.7076721191406,1188.7100830078125,523.7428588867188,0.023240378126502037,0
18,664.542724609375,504.2390441894531,710.2822875976562,649.211669921875,0.022806324064731598,0
18,1896.6683349609375,442.92919921875,1919.3184814453125,525.69384765625,0.02250506728887558,0
18,963.654052734375,441.60986328125,994.108154296875,531.37939453125,0.02217600680887699,0
18,1104.95556640625,443.8846435546875,1132.2957763671875,505.94329833984375,0.022122127935290337,0
18,1264.6693115234375,419.2803955078125,1308.53369140625,547.7552490234375,0.02194925770163536,0
18,1031.69873046875,427.46539306640625,1059.18798828125,497.89361572265625,0.02155481092631817,0
18,1061.1463623046875,435.3706359863281,1080.364013671875,488.68829345703125,0.021438121795654297,0
18,1071.3319091796875,439.2459411621094,1092.75439453125,493.8921203613281,0.021360134705901146,0
18,1877.8070068359375,387.506591796875,1919.4027099609375,631.07568359375,0.021244166418910027,0
18,883.5982055664062,443.8774108886719,907.0448608398438,482.5749206542969,0.020922861993312836,0
18,294.1772766113281,453.1039123535156,334.6818542480469,565.4780883789062,0.0204145610332489,0
18,694.743408203125,451.3411560058594,730.25634765625,487.4376525878906,0.020290320739150047,0
18,1712.0260009765625,449.26226806640625,1782.88232421875,580.39599609375,0.02020512893795967,0
18,415.47967529296875,461.9327087402344,451.59027099609375,522.1961669921875,0.02013121359050274,0
18,959.9393920898438,444.4091491699219,985.8521118164062,548.9594116210938,0.019483648240566254,0
18,1497.595947265625,446.25787353515625,1521.0638427734375,485.25732421875,0.01947110705077648,0
18,965.3360595703125,462.8973388671875,1056.236328125,587.5797119140625,0.019322330132126808,0
18,508.2535400390625,479.52630615234375,573.35888671875,710.2196044921875,0.018346590921282768,0
18,300.086181640625,476.46917724609375,339.0458984375,567.2677001953125,0.018081950023770332,0
18,330.8291015625,480.3182373046875,364.2557373046875,568.461181640625,0.017321597784757614,0
18,1705.0931396484375,496.44195556640625,1777.5985107421875,605.3706665039062,0.01731226034462452,0
18,1590.8079833984375,438.20947265625,1749.632568359375,640.0607299804688,0.016371872276067734,0
18,1707.7420654296875,472.11309814453125,1753.9241943359375,575.1784057617188,0.01625453308224678,0
18,536.6537475585938,486.0489807128906,576.9949951171875,627.0828247070312,0.016206497326493263,0
18,1586.5228271484375,435.4515686035156,1707.5782470703125,675.5315551757812,0.015737168490886688,0
18,1499.05322265625,440.10552978515625,1528.5247802734375,482.05792236328125,0.01570216193795204,0
18,1457.5543212890625,548.5316162109375,1560.1871337890625,801.5861206054688,0.014940024353563786,0
18,1887.141357421875,398.205322265625,1919.278564453125,500.641845703125,0.014591537415981293,0
18,1053.7801513671875,475.54718017578125,1093.99853515625,537.855224609375,0.013732952997088432,0
18,1047.9136962890625,492.5419921875,1094.164306640625,587.6874389648438,0.013714435510337353,0
18,1848.0157470703125,469.35809326171875,1903.3677978515625,567.8655395507812,0.013679205439984798,0
18,410.11358642578125,495.1376037597656,453.66851806640625,561.9527587890625,0.013526280410587788,0
18,818.120361328125,461.0397033691406,861.3079833984375,551.7532348632812,0.012689927592873573,0
18,1741.7109375,472.1004638671875,1792.049560546875,580.2147216796875,0.01268502976745367,0
18,1200.2603759765625,488.09722900390625,1218.4837646484375,521.1961059570312,0.01241809967905283,0
18,1119.0140380859375,455.10662841796875,1143.5391845703125,533.3089599609375,0.01204294990748167,0
18,534.0388793945312,448.6466064453125,565.8311157226562,503.19903564453125,0.01171763427555561,0
18,903.7921142578125,454.61700439453125,935.972900390625,583.6576538085938,0.011601079255342484,0
18,336.4245910644531,496.283203125,368.0078430175781,566.6134643554688,0.011360840871930122,0
18,1673.306396484375,462.5177307128906,1739.9432373046875,575.2222290039062,0.011253110133111477,0
18,1122.5645751953125,459.68829345703125,1147.2940673828125,540.4498901367188,0.011217300780117512,0
19,584.4976196289062,445.0784912109375,679.2276000976562,714.6860961914062,0.7677192687988281,0
19,451.0166931152344,445.4616394042969,563.314697265625,729.5962524414062,0.709190309047699,0
19,1560.8616943359375,465.30120849609375,1754.2752685546875,814.2171020507812,0.6827249526977539,0
19,1457.1212158203125,411.4080505371094,1620.9833984375,802.1759643554688,0.4640212655067444,0
19,725.888916015625,459.7319641113281,764.9877319335938,575.6666259765625,0.40656131505966187,0
19,1254.49755859375,435.68499755859375,1289.8160400390625,544.0162353515625,0.40194591879844666,0
19,1832.7744140625,471.25286865234375,1893.402099609375,651.7342529296875,0.23438706994056702,0
19,665.7451782226562,450.9007873535156,732.299072265625,607.9884033203125,0.23221585154533386,0
19,805.892578125,467.6816711425781,834.8281860351562,549.2063598632812,0.22331924736499786,0
19,1084.364990234375,455.4738464355469,1131.6944580078125,594.108642578125,0.19163565337657928,0
19,481.74932861328125,458.82293701171875,564.56982421875,725.6859741210938,0.19069546461105347,0
19,1455.6981201171875,409.9137268066406,1693.867431640625,813.6683959960938,0.17761214077472687,0
19,714.9644165039062,453.2269592285156,764.4906005859375,583.1415405273438,0.16077642142772675,0
19,1898.6590576171875,478.87225341796875,1919.3294677734375,638.215087890625,0.1594727784395218,0
19,932.9950561523438,430.456787109375,966.7534790039062,517.375,0.15210245549678802,0
19,810.5137939453125,469.2871398925781,840.567626953125,549.2966918945312,0.14605572819709778,0
19,533.0861206054688,476.5364685058594,580.7791137695312,697.6179809570312,0.14349527657032013,0
19,1305.2099609375,418.0866394042969,1342.400146484375,547.39404296875,0.13944843411445618,0
19,918.9519653320312,431.2810363769531,974.0233154296875,589.4411010742188,0.13837012648582458,0
19,1101.26513671875,453.3705139160156,1133.8341064453125,575.2821044921875,0.13293978571891785,0
19,1850.38623046875,472.56646728515625,1919.253662109375,651.8842163085938,0.13119404017925262,0
19,835.0195922851562,469.98779296875,872.9317626953125,550.4513549804688,0.11356211453676224,0
19,1874.764892578125,468.9650573730469,1919.1240234375,651.1452026367188,0.10093057155609131,0
19,1850.8839111328125,525.0384521484375,1905.8331298828125,654.3123779296875,0.0992695614695549,0
19,981.7230834960938,449.6626281738281,1021.806884765625,555.3761596679688,0.09546530991792679,0
19,1072.0048828125,460.5877990722656,1127.1597900390625,595.5388793945312,0.09450997412204742,0
19,1825.7508544921875,498.995361328125,1889.8634033203125,645.7364501953125,0.09191558510065079,0
19,970.2200317382812,458.0534362792969,1018.6268920898438,563.1700439453125,0.09108176827430725,0
19,413.490234375,498.08953857421875,456.8024597167969,616.2044677734375,0.09074544161558151,0
19,1024.0562744140625,451.3371276855469,1058.5145263671875,525.3373413085938,0.08926408737897873,0
19,304.8186950683594,460.4832458496094,342.4281005859375,568.32666015625,0.07286911457777023,0
19,1716.6507568359375,451.6698303222656,1787.3682861328125,589.1902465820312,0.07263436168432236,0
19,998.5170288085938,455.72845458984375,1052.117431640625,531.271240234375,0.07011564821004868,0
19,1441.6322021484375,472.3250427246094,1470.982177734375,541.7597045898438,0.06887432932853699,0
19,1000.7001342773438,453.1910705566406,1036.89892578125,530.8667602539062,0.06767185777425766,0
19,850.552734375,463.0723571777344,882.33984375,547.466552734375,0.06657754629850388,0
19,415.8296813964844,508.8282165527344,468.5694580078125,623.2262573242188,0.06623592227697372,0
19,662.951171875,451.4945068359375,715.7084350585938,651.9255981445312,0.0655759647488594,0
19,535.7609252929688,439.03253173828125,585.5211181640625,657.1607666015625,0.06554172933101654,0
19,1707.50244140625,440.51202392578125,1772.196533203125,575.7171630859375,0.06425195932388306,0
19,494.6454162597656,470.2691345214844,576.1560668945312,709.9984741210938,0.06134098768234253,0
19,804.0806274414062,468.550048828125,826.287109375,529.1870727539062,0.06112787127494812,0
19,820.5377197265625,469.6578369140625,851.8068237304688,550.872802734375,0.060156092047691345,0
19,444.60528564453125,442.1256408691406,552.3297119140625,634.2782592773438,0.05770577862858772,0
19,802.972412109375,459.7743835449219,828.88037109375,509.3791198730469,0.053799062967300415,0
19,1068.5548095703125,454.83599853515625,1094.2869873046875,536.3873291015625,0.05372342839837074,0
19,412.4524841308594,467.9381103515625,440.2115478515625,512.0857543945312,0.05175405740737915,0
19,1066.783935546875,458.23114013671875,1101.5732421875,592.4902954101562,0.04867343604564667,0
19,435.2624816894531,452.0153503417969,489.8528137207031,618.0879516601562,0.04785553365945816,0
19,422.5091857910156,456.0548400878906,499.27734375,621.47265625,0.047481976449489594,0
19,442.780517578125,445.951904296875,510.5625,632.3128051757812,0.04703415185213089,0
19,416.4317321777344,489.6441650390625,451.0776672363281,529.5217895507812,0.04324716702103615,0
19,710.3961791992188,468.4888916015625,745.3668823242188,596.4984741210938,0.04193293675780296,0
19,977.8319091796875,440.46661376953125,1010.91064453125,541.1090698242188,0.04170727729797363,0
19,874.4990844726562,475.4079895019531,906.4784545898438,547.2433471679688,0.0398239865899086,0
19,667.8036499023438,452.3938293457031,718.4771118164062,555.914306640625,0.03982365503907204,0
19,408.2093811035156,484.17535400390625,443.5245666503906,527.8150634765625,0.03978542238473892,0
19,772.5261840820312,458.1441650390625,797.5398559570312,498.12725830078125,0.03954169526696205,0
19,1828.4219970703125,533.054443359375,1874.5506591796875,644.1343383789062,0.03923778608441353,0
19,1064.697998046875,450.2052001953125,1091.7327880859375,511.84765625,0.03829750046133995,0
19,806.6911010742188,477.55126953125,827.4343872070312,543.951171875,0.03679795190691948,0
19,1697.2672119140625,429.44305419921875,1787.8758544921875,624.3702392578125,0.036413613706827164,0
19,879.0386352539062,449.2905578613281,908.6281127929688,546.7493286132812,0.03593677282333374,0
19,1711.2509765625,502.7581787109375,1785.08056640625,630.9150390625,0.035184938460588455,0
19,359.89324951171875,499.1058654785156,424.16802978515625,563.940185546875,0.03339017182588577,0
19,542.2535400390625,445.2576599121094,583.891357421875,509.7995910644531,0.03283928707242012,0
19,1892.4400634765625,488.1008605957031,1919.2554931640625,650.3729248046875,0.03247864916920662,0
19,1688.005859375,438.56341552734375,1762.0244140625,553.123779296875,0.03151310235261917,0
19,1844.474853515625,472.56317138671875,1884.1812744140625,540.2109375,0.03053940273821354,0
19,1458.134765625,472.308837890625,1754.9842529296875,816.7130126953125,0.03036341443657875,0
19,1829.4246826171875,528.0086059570312,1902.0765380859375,652.55859375,0.029659928753972054,0
19,961.470703125,464.72314453125,1009.0076293945312,561.355224609375,0.027720367535948753,0
19,1034.7191162109375,440.5614929199219,1059.8448486328125,496.50762939453125,0.027471529319882393,0
19,1896.5679931640625,436.7962646484375,1919.2694091796875,525.283447265625,0.027230890467762947,0
19,1068.35205078125,447.2460021972656,1098.96435546875,564.9807739257812,0.027014732360839844,0
19,1061.4722900390625,435.2071838378906,1080.3634033203125,487.2889709472656,0.026951266452670097,0
19,1413.8587646484375,475.0474548339844,1439.1412353515625,556.7774658203125,0.026856927201151848,0
19,1104.2926025390625,444.2156982421875,1132.9639892578125,520.7713623046875,0.025829076766967773,0
19,299.28863525390625,474.7094421386719,338.4119567871094,567.5823364257812,0.02502881921827793,0
19,1071.432861328125,438.9605712890625,1092.10693359375,491.9843444824219,0.02489936538040638,0
19,1265.3145751953125,419.5477294921875,1307.8341064453125,548.0126953125,0.024604594334959984,0
19,1878.4615478515625,388.28466796875,1919.38671875,578.8720092773438,0.024095255881547928,0
19,294.6890563964844,453.2756652832031,335.3026428222656,565.7745361328125,0.02325040102005005,0
19,1158.7899169921875,440.67462158203125,1187.4254150390625,524.9723510742188,0.022636447101831436,0
19,999.8323974609375,422.2276916503906,1031.6539306640625,510.35699462890625,0.022116631269454956,0
19,731.7344970703125,450.4985046386719,762.1580200195312,481.4208068847656,0.021711504086852074,0
19,1409.1842041015625,468.6638488769531,1443.9749755859375,555.9668579101562,0.021082524210214615,0
19,332.0553894042969,454.29693603515625,365.4670104980469,564.2120361328125,0.020938975736498833,0
19,412.3695373535156,501.0534973144531,467.8018798828125,594.5873413085938,0.020551156252622604,0
19,964.5776977539062,440.9413146972656,994.919189453125,527.1636352539062,0.020490018650889397,0
19,1055.52099609375,472.3729248046875,1095.9688720703125,541.987060546875,0.019422661513090134,0
19,669.0439453125,450.684814453125,708.7745361328125,489.8426513671875,0.019199468195438385,0
19,1050.236572265625,459.5279846191406,1120.455322265625,596.4236450195312,0.018343692645430565,0
19,1722.008056640625,491.09490966796875,1785.550048828125,584.6445922851562,0.018325425684452057,0
19,347.2295837402344,496.5403747558594,416.13629150390625,566.2072143554688,0.018009571358561516,0
19,1050.5137939453125,485.8125915527344,1094.4466552734375,574.9238891601562,0.017159096896648407,0
19,883.5513305664062,443.4057312011719,907.6516723632812,479.83721923828125,0.017105035483837128,0
19,1886.7322998046875,400.0262145996094,1919.2650146484375,501.0810241699219,0.016778189688920975,0
19,1675.881591796875,457.2767028808594,1763.50048828125,602.18359375,0.016567349433898926,0
19,968.4744873046875,455.8988342285156,1055.0269775390625,579.1591796875,0.01617182046175003,0
19,537.7460327148438,472.4250183105469,578.2875366210938,598.1640014648438,0.015581496059894562,0
19,1417.1177978515625,471.0302429199219,1447.1617431640625,556.0533447265625,0.015388979576528072,0
19,1685.488525390625,441.5281677246094,1738.145263671875,553.2838134765625,0.015299199149012566,0
19,959.8643188476562,443.8799133300781,987.3528442382812,538.476318359375,0.015115665271878242,0
19,775.7990112304688,451.2342224121094,799.9890747070312,482.24066162109375,0.014261608943343163,0
19,713.271484375,449.9880065917969,754.1175537109375,507.3720703125,0.013718964532017708,0
19,1124.638671875,460.6121520996094,1149.007080078125,537.975830078125,0.013611766509711742,0
19,1119.7318115234375,455.1638488769531,1143.0491943359375,528.44482421875,0.013528094626963139,0
19,1590.741943359375,473.0190124511719,1738.2344970703125,674.776123046875,0.012655156664550304,0
19,822.1389770507812,460.9871520996094,863.0864868164062,551.4515991210938,0.012035650201141834,0
19,459.1520690917969,440.12762451171875,494.2447814941406,517.2728881835938,0.011574236676096916,0
19,1201.0096435546875,488.6761779785156,1218.444091796875,520.9237670898438,0.011378481052815914,0
19,413.80023193359375,459.0740661621094,451.8371887207031,519.872314453125,0.011111827567219734,0
19,455.9053649902344,439.7983703613281,497.1229553222656,534.8049926757812,0.0105507280677557,0
20,584.6301879882812,446.00372314453125,684.400146484375,712.6192016601562,0.7783386707305908,0
20,451.77777099609375,450.6066589355469,566.5732421875,727.7675170898438,0.7096744775772095,0
20,1596.0556640625,458.6912841796875,1776.292236328125,801.8055419921875,0.632765531539917,0
20,725.1249389648438,453.4922790527344,765.3473510742188,573.8048095703125,0.4105084240436554,0
20,1459.2791748046875,410.1129455566406,1624.31982421875,805.7452392578125,0.3684471845626831,0
20,1254.54052734375,436.5989074707031,1289.7191162109375,543.349365234375,0.32748985290527344,0
20,1457.0084228515625,410.8228454589844,1693.87109375,816.279296875,0.30908021330833435,0
20,1832.2156982421875,471.7745666503906,1892.19775390625,652.2042846679688,0.23622067272663116,0
20,477.21710205078125,481.7419738769531,565.1363525390625,726.5592651367188,0.20993323624134064,0
20,805.94091796875,467.4569091796875,834.9375,549.1293334960938,0.19586287438869476,0
20,665.5263061523438,452.87384033203125,729.6990966796875,604.64892578125,0.1913488507270813,0
20,1415.8946533203125,461.0858459472656,1451.40576171875,558.6185913085938,0.18003512918949127,0
20,933.0304565429688,430.2008056640625,966.9902954101562,517.4346923828125,0.16725373268127441,0
20,1897.6517333984375,478.2226867675781,1919.3065185546875,638.2156372070312,0.16010373830795288,0
20,1089.34912109375,452.332763671875,1131.0059814453125,589.65380859375,0.15845219790935516,0
20,1853.9569091796875,473.1405029296875,1919.26513671875,651.9369506835938,0.14657938480377197,0
20,418.7516174316406,504.8052062988281,468.8595275878906,622.1788940429688,0.1379753202199936,0
20,811.0292358398438,468.9457702636719,841.1021118164062,549.189453125,0.13678598403930664,0
20,532.6205444335938,490.048828125,574.3175048828125,703.5894165039062,0.13630357384681702,0
20,1102.46533203125,452.19635009765625,1133.4775390625,570.6646728515625,0.1222597062587738,0
20,833.9943237304688,469.4204406738281,870.1578369140625,550.5712890625,0.11463109403848648,0
20,423.5306396484375,493.3664245605469,487.30755615234375,622.1100463867188,0.11135798692703247,0
20,826.9127197265625,471.056396484375,860.9285888671875,550.2229614257812,0.11060632020235062,0
20,920.6511840820312,431.4377746582031,973.5911865234375,590.430419921875,0.10860741138458252,0
20,1301.624267578125,417.1168212890625,1343.7659912109375,547.1585083007812,0.1085829958319664,0
20,1874.3294677734375,466.92938232421875,1919.150390625,650.9840698242188,0.10849163681268692,0
20,415.6396179199219,501.16571044921875,458.0821838378906,609.5050048828125,0.10422663390636444,0
20,1851.831787109375,522.964111328125,1905.8988037109375,654.5279541015625,0.09271100163459778,0
20,1023.5302734375,452.773681640625,1059.835693359375,529.0328979492188,0.08594232052564621,0
20,307.36767578125,459.8544921875,342.6578674316406,568.3990478515625,0.08168768137693405,0
20,822.183837890625,469.0843505859375,851.3248901367188,550.779296875,0.07934143394231796,0
20,926.3009643554688,427.05963134765625,968.3683471679688,547.0847778320312,0.07114415615797043,0
20,803.7744140625,465.63116455078125,825.7882690429688,529.7199096679688,0.06859111785888672,0
20,997.3994750976562,451.4608459472656,1032.81591796875,530.0719604492188,0.06480435281991959,0
20,997.0874633789062,452.5661315917969,1055.6103515625,530.8638305664062,0.06444129347801208,0
20,1602.796142578125,436.0143127441406,1782.76171875,659.6591186523438,0.06387770175933838,0
20,1073.7176513671875,468.6518859863281,1128.34130859375,594.3469848632812,0.0597207248210907,0
20,983.2179565429688,450.0628967285156,1020.7278442382812,543.2747192382812,0.05831503868103027,0
20,850.390869140625,464.4452819824219,882.9114990234375,548.1400146484375,0.05763703212141991,0
20,448.9534606933594,452.5906677246094,508.4023132324219,630.759765625,0.056575898081064224,0
20,802.506591796875,459.2249450683594,827.25,506.9041442871094,0.05603034049272537,0
20,1682.9078369140625,437.01873779296875,1784.1468505859375,631.835693359375,0.05447513610124588,0
20,1444.357177734375,466.2226867675781,1478.558349609375,556.1669311523438,0.05418245121836662,0
20,971.9965209960938,468.93035888671875,1017.875244140625,549.9957275390625,0.04921126738190651,0
20,1067.4228515625,454.3383483886719,1095.1611328125,554.7570190429688,0.04871107265353203,0
20,412.93353271484375,468.7665710449219,438.4051513671875,509.7713928222656,0.04750780016183853,0
20,1719.9444580078125,439.3965759277344,1786.0140380859375,585.6043701171875,0.04539886862039566,0
20,1827.54638671875,532.611083984375,1874.748779296875,645.0543823242188,0.04511306434869766,0
20,772.4952392578125,456.77117919921875,796.9346923828125,495.2669982910156,0.043038275092840195,0
20,1067.2384033203125,459.5679016113281,1101.78857421875,588.994140625,0.04135436564683914,0
20,301.4039611816406,470.21832275390625,338.7383728027344,566.337890625,0.04102924466133118,0
20,806.280029296875,476.86505126953125,827.7235107421875,543.4530029296875,0.03934410586953163,0
20,418.18505859375,491.7961120605469,452.1237487792969,528.8793334960938,0.03728924319148064,0
20,665.8421630859375,451.8779296875,720.9453735351562,569.3439331054688,0.03718802332878113,0
20,408.02911376953125,485.66583251953125,439.2289123535156,525.8849487304688,0.03651384264230728,0
20,1064.86572265625,455.14263916015625,1092.1531982421875,514.4833374023438,0.03570503741502762,0
20,731.849853515625,449.69073486328125,762.8724975585938,482.47027587890625,0.03316096216440201,0
20,358.36968994140625,499.0113830566406,422.8102111816406,564.3223266601562,0.032735515385866165,0
20,485.4960021972656,456.13385009765625,566.9890747070312,665.9507446289062,0.0311425793915987,0
20,1105.3323974609375,444.01666259765625,1133.0604248046875,530.05078125,0.030540797859430313,0
20,1631.6993408203125,448.29193115234375,1701.6240234375,552.5631713867188,0.03016587719321251,0
20,1708.7198486328125,497.93902587890625,1786.03173828125,631.7164306640625,0.03007528744637966,0
20,431.7358093261719,457.569580078125,483.51446533203125,617.2386474609375,0.028905419632792473,0
20,873.26904296875,476.6961364746094,904.8886108398438,547.0704956054688,0.028365224599838257,0
20,1877.8846435546875,388.3280029296875,1919.4158935546875,637.6103515625,0.027828266844153404,0
20,1054.9248046875,472.3407897949219,1095.9000244140625,547.32080078125,0.026896798983216286,0
20,1050.757080078125,486.0948486328125,1094.951416015625,572.9132080078125,0.026390835642814636,0
20,980.3925170898438,440.028076171875,1005.978759765625,506.9454345703125,0.024591747671365738,0
20,1828.06787109375,526.1658325195312,1898.496826171875,652.58935546875,0.023876290768384933,0
20,1726.112548828125,478.3892517089844,1786.01806640625,584.0211181640625,0.023559212684631348,0
20,965.1736450195312,486.44146728515625,1015.9865112304688,569.0423583984375,0.023198110982775688,0
20,998.340087890625,420.12744140625,1030.5872802734375,507.3511962890625,0.02304023690521717,0
20,1894.314697265625,436.6993103027344,1919.266845703125,524.6906127929688,0.022582096979022026,0
20,1201.4385986328125,488.25018310546875,1218.815673828125,520.995849609375,0.022026346996426582,0
20,1689.08349609375,433.2862243652344,1773.66943359375,546.0933837890625,0.02183195762336254,0
20,1408.26708984375,436.1126403808594,1449.4522705078125,563.5443115234375,0.021317075937986374,0
20,965.63330078125,440.811767578125,993.0861206054688,522.1539916992188,0.021113984286785126,0
20,879.593994140625,450.769775390625,907.412109375,545.595703125,0.02065446972846985,0
20,295.001708984375,454.5568542480469,334.6166687011719,565.88330078125,0.020599210634827614,0
20,712.7587280273438,464.7190246582031,757.1793823242188,594.202392578125,0.020555486902594566,0
20,1843.745361328125,472.2293701171875,1884.400634765625,539.4104614257812,0.02047557197511196,0
20,1157.99462890625,437.2142028808594,1188.6075439453125,523.8602294921875,0.02030034177005291,0
20,1063.3968505859375,435.40777587890625,1083.4388427734375,487.60400390625,0.020148688927292824,0
20,1032.266845703125,436.5438537597656,1059.3314208984375,496.5898132324219,0.020104575902223587,0
20,963.4193725585938,469.0410461425781,1023.0476684570312,581.2339477539062,0.01975260116159916,0
20,1072.455078125,440.0662536621094,1092.83984375,492.626953125,0.019548211246728897,0
20,775.8330688476562,451.1666564941406,800.0033569335938,479.2835998535156,0.01874478906393051,0
20,523.974609375,445.9508056640625,581.5276489257812,644.5484619140625,0.018359597772359848,0
20,548.0989990234375,474.7385559082031,582.9064331054688,524.9916381835938,0.0172780342400074,0
20,377.365478515625,498.322998046875,422.54510498046875,555.0379028320312,0.01723279245197773,0
20,543.087890625,449.93408203125,584.7372436523438,508.8731689453125,0.01721930503845215,0
20,961.831787109375,470.678955078125,1005.6749267578125,547.80029296875,0.01714242622256279,0
20,1690.19970703125,442.9595947265625,1782.544189453125,584.703369140625,0.016377203166484833,0
20,1045.5223388671875,463.2195739746094,1118.1624755859375,595.1415405273438,0.016361724585294724,0
20,1263.765869140625,420.2701721191406,1306.9996337890625,546.332763671875,0.016051528975367546,0
20,1884.2274169921875,395.29669189453125,1919.2965087890625,502.16033935546875,0.015804901719093323,0
20,1446.7901611328125,471.3746337890625,1478.8502197265625,536.8482055664062,0.015594697557389736,0
20,968.955322265625,442.11456298828125,1007.2518310546875,533.260986328125,0.014844844117760658,0
20,1119.1959228515625,454.79736328125,1142.802001953125,529.3191528320312,0.013957804068922997,0
20,413.4869384765625,501.3197021484375,467.5513916015625,571.0639038085938,0.013758447952568531,0
20,1124.7606201171875,459.4476013183594,1149.7647705078125,539.953369140625,0.01370431948453188,0
20,425.2453308105469,521.0271606445312,566.3361206054688,733.8425903320312,0.013476133346557617,0
20,1384.8890380859375,447.3371887207031,1450.5836181640625,559.44384765625,0.01336432434618473,0
20,1500.9891357421875,429.6865539550781,1550.44677734375,526.123046875,0.012714899145066738,0
20,958.362548828125,442.8879089355469,980.8623657226562,525.0381469726562,0.012647836469113827,0
20,874.7320556640625,491.7320556640625,906.5460815429688,549.3914184570312,0.012470218352973461,0
20,1627.29052734375,444.1241455078125,1783.3388671875,591.2164306640625,0.012467728927731514,0
20,1511.3797607421875,433.0643005371094,1605.543212890625,631.7620849609375,0.012257428839802742,0
20,460.69952392578125,441.2423400878906,492.91473388671875,521.8447875976562,0.011895882897078991,0
20,1461.7222900390625,414.427490234375,1610.6412353515625,618.617431640625,0.011411741375923157,0
20,323.57867431640625,467.0865173339844,364.7559814453125,567.9892578125,0.011245504021644592,0
20,330.60406494140625,455.19854736328125,363.06884765625,547.001953125,0.011053640395402908,0
20,1593.5589599609375,478.5623474121094,1753.4642333984375,684.1567993164062,0.010552400723099709,0
20,456.0478820800781,457.3691711425781,499.6575622558594,545.5914916992188,0.010229166597127914,0
21,584.8705444335938,443.7235107421875,687.6710815429688,713.5034790039062,0.790450394153595,0
21,1459.3795166015625,413.2594299316406,1712.3697509765625,820.7335205078125,0.728602945804596,0
21,452.5704345703125,447.54290771484375,564.9885864257812,726.4134521484375,0.6968648433685303,0
21,1622.15087890625,453.17852783203125,1761.330810546875,802.1299438476562,0.6552757620811462,0
21,726.5401611328125,452.5309753417969,766.0361938476562,575.3560791015625,0.3840009272098541,0
21,1252.398681640625,440.1059875488281,1287.9072265625,540.7896118164062,0.3350546061992645,0
21,1255.360595703125,436.6913757324219,1296.58642578125,546.0471801757812,0.31812798976898193,0
21,483.6261291503906,472.7037048339844,571.495849609375,712.7428588867188,0.21920174360275269,0
21,1832.3134765625,468.6319885253906,1893.3333740234375,652.0928344726562,0.20771116018295288,0
21,1419.462158203125,464.7744140625,1453.225341796875,558.1068115234375,0.20318762958049774,0
21,932.6262817382812,428.6785583496094,966.1657104492188,518.5640869140625,0.19635151326656342,0
21,670.1430053710938,449.92877197265625,732.5870971679688,604.7026977539062,0.19605746865272522,0
21,686.1868896484375,451.7100524902344,733.093017578125,589.457275390625,0.19037401676177979,0
21,804.667236328125,466.3554382324219,831.7622680664062,551.207763671875,0.17688797414302826,0
21,922.51318359375,430.243408203125,973.8021240234375,589.9859619140625,0.17363741993904114,0
21,1085.50146484375,455.6008605957031,1132.4805908203125,592.8189086914062,0.15221041440963745,0
21,1852.4110107421875,472.6258850097656,1919.2840576171875,652.2742919921875,0.1458633691072464,0
21,1898.0343017578125,477.4018249511719,1919.3031005859375,637.9406127929688,0.1458258330821991,0
21,420.0355224609375,497.4945373535156,464.436767578125,618.5125732421875,0.13403654098510742,0
21,1460.53515625,414.1277160644531,1624.4410400390625,804.4418334960938,0.12689617276191711,0
21,810.771240234375,469.9915466308594,840.964599609375,549.5909423828125,0.12018724530935287,0
21,534.9080200195312,484.6337585449219,575.1209106445312,697.1585693359375,0.11821027845144272,0
21,1100.6617431640625,451.19366455078125,1133.3946533203125,568.2141723632812,0.11742177605628967,0
21,306.47955322265625,460.3477783203125,343.06768798828125,569.1644287109375,0.10847789794206619,0
21,1851.6229248046875,520.6106567382812,1905.71337890625,654.50830078125,0.10729260742664337,0
21,418.41357421875,498.0267333984375,456.14813232421875,589.6049194335938,0.1063840389251709,0
21,825.755859375,473.7281799316406,858.5211181640625,550.1636962890625,0.10311898589134216,0
21,831.860107421875,470.8863220214844,867.5567016601562,550.5545654296875,0.10279296338558197,0
21,1449.1708984375,471.6307373046875,1476.427001953125,557.73779296875,0.10222472995519638,0
21,926.1968994140625,425.3244323730469,968.1172485351562,555.7223510742188,0.10048120468854904,0
21,1428.0771484375,470.95953369140625,1460.8555908203125,557.5097045898438,0.09648621827363968,0
21,1304.9066162109375,416.9999084472656,1342.3878173828125,546.8267211914062,0.09302830696105957,0
21,427.39544677734375,468.2288818359375,490.5112609863281,618.3301391601562,0.08676640689373016,0
21,1825.3104248046875,494.61273193359375,1888.1533203125,645.8624267578125,0.08536974340677261,0
21,1870.006103515625,455.10040283203125,1919.1787109375,651.5516967773438,0.08440928161144257,0
21,450.00311279296875,450.853271484375,510.92486572265625,627.4978637695312,0.07882542163133621,0
21,820.4727172851562,470.4906921386719,851.2688598632812,550.9927978515625,0.07871289551258087,0
21,1019.9917602539062,455.3282165527344,1058.6243896484375,528.0230712890625,0.06918840110301971,0
21,665.6845703125,456.37445068359375,723.7669067382812,640.4880981445312,0.06816164404153824,0
21,1450.14990234375,473.5050048828125,1478.080810546875,532.20556640625,0.06421343982219696,0
21,969.303955078125,470.8553771972656,1017.7353515625,559.6004638671875,0.06326665729284286,0
21,1000.899169921875,457.330078125,1055.1492919921875,530.7273559570312,0.05908574163913727,0
21,431.7637939453125,466.4945068359375,508.05889892578125,625.0365600585938,0.05820021778345108,0
21,979.3040771484375,452.2337951660156,1020.017578125,550.7734375,0.05674992501735687,0
21,804.204345703125,468.2861328125,824.9617309570312,529.9480590820312,0.05552901700139046,0
21,418.8730773925781,491.489501953125,453.3732604980469,536.261962890625,0.05487731099128723,0
21,412.0110168457031,469.32659912109375,437.20037841796875,509.5931396484375,0.05269933119416237,0
21,774.7972412109375,455.6912841796875,799.552001953125,494.7781677246094,0.05248872563242912,0
21,1065.3153076171875,465.8754577636719,1129.3197021484375,594.4857177734375,0.05114316940307617,0
21,542.3524169921875,487.374755859375,583.1452026367188,672.3394775390625,0.05041498318314552,0
21,854.3225708007812,464.1070861816406,884.6082153320312,547.5005493164062,0.04852844774723053,0
21,407.0831298828125,482.83648681640625,439.8658752441406,534.3880004882812,0.04435209557414055,0
21,801.6275024414062,458.8858337402344,823.3251342773438,505.3451843261719,0.043759528547525406,0
21,662.9214477539062,452.0585632324219,708.100830078125,561.2470703125,0.04190775379538536,0
21,362.90997314453125,498.11004638671875,423.1908874511719,565.0465087890625,0.04168916121125221,0
21,1067.123291015625,454.45367431640625,1095.5072021484375,563.7925415039062,0.04162902012467384,0
21,422.3614196777344,527.5512084960938,473.7981262207031,622.2943725585938,0.040339477360248566,0
21,1827.42041015625,531.7582397460938,1871.225830078125,644.531982421875,0.04018089547753334,0
21,1064.6396484375,461.132080078125,1098.86328125,588.27099609375,0.03994208946824074,0
21,1618.018798828125,474.5367736816406,1752.55224609375,711.386962890625,0.03808565065264702,0
21,300.39935302734375,473.28680419921875,339.583984375,568.4798583984375,0.037676695734262466,0
21,733.4578857421875,450.3247375488281,763.1337890625,482.7106018066406,0.03474871441721916,0
21,1876.3575439453125,387.7510986328125,1919.4246826171875,639.7252807617188,0.03442094847559929,0
21,963.5634155273438,475.2326965332031,1023.6318969726562,582.72216796875,0.03426019102334976,0
21,1704.9107666015625,435.69830322265625,1787.416259765625,578.1163330078125,0.032785266637802124,0
21,1063.9349365234375,454.0946960449219,1092.417724609375,522.2811279296875,0.03267835080623627,0
21,530.2490844726562,443.4569091796875,584.083740234375,705.6893920898438,0.03248384967446327,0
21,807.0205078125,480.33099365234375,827.499755859375,543.8982543945312,0.03244885802268982,0
21,1055.0380859375,472.72998046875,1096.22802734375,546.525146484375,0.030017269775271416,0
21,1829.8748779296875,521.9139404296875,1905.4395751953125,652.6781616210938,0.029514338821172714,0
21,380.361328125,498.0270080566406,422.2795715332031,559.6203002929688,0.029498092830181122,0
21,1519.44970703125,414.9273376464844,1630.2989501953125,794.0211791992188,0.02858470007777214,0
21,776.3992309570312,450.9526062011719,800.2545776367188,479.0263366699219,0.027617892250418663,0
21,1049.7191162109375,484.80816650390625,1096.4595947265625,579.3765258789062,0.02711344137787819,0
21,872.2532958984375,477.8059387207031,905.1558837890625,547.23876953125,0.026989802718162537,0
21,880.483154296875,445.7509460449219,912.1768798828125,547.5905151367188,0.02440796233713627,0
21,1201.3704833984375,489.2829284667969,1218.8302001953125,521.30029296875,0.023512836545705795,0
21,1890.33251953125,489.12115478515625,1919.2694091796875,650.98974609375,0.022377772256731987,0
21,1695.6357421875,431.3994140625,1772.6253662109375,549.4325561523438,0.02166782319545746,0
21,1893.2552490234375,429.4197692871094,1919.265380859375,523.13330078125,0.02125008963048458,0
21,961.6055297851562,440.4559020996094,993.8070068359375,522.9395751953125,0.0211651548743248,0
21,977.4219360351562,440.7763366699219,1003.7290649414062,509.7413635253906,0.020823294296860695,0
21,1663.97509765625,436.77923583984375,1785.0784912109375,625.4247436523438,0.020787809044122696,0
21,548.71435546875,457.96600341796875,585.072509765625,530.265380859375,0.02072317525744438,0
21,348.3428039550781,496.02960205078125,417.1564025878906,566.782470703125,0.020550349727272987,0
21,410.0497131347656,495.8515319824219,456.11383056640625,562.4881591796875,0.019475825130939484,0
21,1634.7451171875,457.9412841796875,1713.1171875,561.19775390625,0.018584977835416794,0
21,687.9196166992188,450.0707092285156,727.2325439453125,489.4717102050781,0.018395356833934784,0
21,1039.3359375,464.49444580078125,1117.77978515625,595.3692626953125,0.018091613426804543,0
21,544.6447143554688,447.4618835449219,586.2785034179688,510.1374206542969,0.01776522397994995,0
21,855.542724609375,479.5019836425781,897.822509765625,549.9132690429688,0.01767675206065178,0
21,1843.902099609375,470.00390625,1884.605712890625,540.7713012695312,0.01745275966823101,0
21,963.1551513671875,474.36932373046875,1008.6942138671875,560.22216796875,0.01675822027027607,0
21,1062.1376953125,434.2039489746094,1083.3802490234375,487.9036560058594,0.01663021743297577,0
21,1414.8265380859375,438.1263732910156,1449.06982421875,560.4135131835938,0.016424132511019707,0
21,998.0099487304688,420.96295166015625,1031.13330078125,515.0264282226562,0.016295665875077248,0
21,666.9891357421875,450.7839050292969,705.4061279296875,488.4745178222656,0.016097549349069595,0
21,1883.1031494140625,392.652587890625,1919.2708740234375,499.8905029296875,0.015989718958735466,0
21,459.7335205078125,441.85687255859375,494.063232421875,525.2890625,0.015541613101959229,0
21,953.9440307617188,441.81005859375,975.9324340820312,524.7610473632812,0.01521824300289154,0
21,427.29449462890625,532.2546997070312,564.7388305664062,731.21728515625,0.014971896074712276,0
21,1072.673583984375,438.7555847167969,1092.3892822265625,493.8117370605469,0.014864291995763779,0
21,652.97265625,450.7723388671875,678.8291625976562,484.29803466796875,0.01470506377518177,0
21,456.147216796875,450.7182312011719,502.16162109375,550.171142578125,0.014530977234244347,0
21,776.885009765625,450.4393005371094,804.9977416992188,505.6341552734375,0.014322778210043907,0
21,332.07720947265625,455.3346862792969,362.84564208984375,542.6675415039062,0.014189598150551319,0
21,1158.5965576171875,440.5240173339844,1186.89306640625,524.0750122070312,0.013405141420662403,0
21,323.978271484375,458.0034484863281,365.1864318847656,567.4442749023438,0.01307009533047676,0
21,1513.3721923828125,414.2134094238281,1627.283935546875,644.99951171875,0.013034001924097538,0
21,1829.2347412109375,415.4284973144531,1919.88623046875,646.3883056640625,0.012226777151226997,0
21,1027.4945068359375,435.9934387207031,1060.2557373046875,515.1148681640625,0.012179701589047909,0
21,1732.8343505859375,491.24554443359375,1789.2469482421875,578.2739868164062,0.0117520522326231,0
21,1522.5477294921875,422.394287109375,1565.80859375,487.1093444824219,0.01165265403687954,0
21,966.0291137695312,493.4740905761719,1055.5833740234375,586.2562866210938,0.011396174319088459,0
21,884.058837890625,443.96905517578125,907.467041015625,480.62860107421875,0.010481933131814003,0
21,964.1656494140625,501.87286376953125,1014.9735717773438,573.9664306640625,0.010014194995164871,0
22,584.7984619140625,443.84527587890625,688.5280151367188,712.848876953125,0.7777273058891296,0
22,1630.453125,426.0649108886719,1779.322998046875,798.6921997070312,0.7015371322631836,0
22,454.74334716796875,446.4954528808594,567.68701171875,727.3980712890625,0.5988063812255859,0
22,1460.3463134765625,411.9282531738281,1688.4129638671875,817.4544067382812,0.529618501663208,0
22,1254.22265625,437.2583312988281,1295.87841796875,546.75732421875,0.36799362301826477,0
22,721.8656616210938,461.3955993652344,766.1808471679688,572.0817260742188,0.36670875549316406,0
22,481.9955749511719,480.2244873046875,572.21728515625,714.8745727539062,0.28039753437042236,0
22,1830.4339599609375,471.8156433105469,1892.5960693359375,651.44384765625,0.24689926207065582,0
22,1418.6356201171875,466.4614562988281,1462.9705810546875,558.8750610351562,0.19991739094257355,0
22,1304.8382568359375,418.8515930175781,1342.0357666015625,547.2630615234375,0.19862349331378937,0
22,1085.0462646484375,456.0128173828125,1131.7271728515625,593.2793579101562,0.1872759759426117,0
22,805.3789672851562,469.1008605957031,834.7864379882812,549.538330078125,0.1808229684829712,0
22,932.8914794921875,428.4320983886719,965.3826293945312,518.4197387695312,0.175834059715271,0
22,667.109619140625,451.27899169921875,726.18798828125,632.3842163085938,0.14531642198562622,0
22,1855.540283203125,471.03094482421875,1919.28076171875,651.322998046875,0.14009544253349304,0
22,1896.580810546875,473.5344543457031,1919.310791015625,637.6053466796875,0.13682270050048828,0
22,1097.5745849609375,451.45037841796875,1132.5631103515625,572.369384765625,0.13675980269908905,0
22,921.287841796875,429.9315490722656,974.0824584960938,589.339111328125,0.12186551839113235,0
22,831.8637084960938,470.62591552734375,869.1758422851562,551.0379638671875,0.12164418399333954,0
22,1432.2947998046875,465.81884765625,1478.9410400390625,558.1704711914062,0.09834783524274826,0
22,532.8009033203125,486.3717041015625,575.4560546875,700.358642578125,0.09698469191789627,0
22,451.8350830078125,458.2583312988281,520.2073974609375,632.69775390625,0.09319053590297699,0
22,1418.062255859375,438.21697998046875,1457.218994140625,558.9747314453125,0.09271850436925888,0
22,1874.4697265625,459.3774719238281,1919.1884765625,650.0768432617188,0.09201795607805252,0
22,1020.7384643554688,451.7548828125,1059.615966796875,529.0924072265625,0.09120520204305649,0
22,670.5921020507812,466.2290954589844,724.2161865234375,601.399169921875,0.09057573229074478,0
22,716.0771484375,474.8451232910156,768.864501953125,584.1488037109375,0.0861930251121521,0
22,1006.6633911132812,456.76373291015625,1057.3076171875,531.1675415039062,0.08574168384075165,0
22,822.9889526367188,471.32830810546875,853.1815795898438,551.168701171875,0.08564066141843796,0
22,306.8485412597656,456.4745178222656,344.5459289550781,568.9034423828125,0.08388620615005493,0
22,925.8250122070312,423.53997802734375,967.3478393554688,556.5097045898438,0.08177424967288971,0
22,969.1653442382812,474.93414306640625,1014.4392700195312,563.9226684570312,0.08142320066690445,0
22,1852.5128173828125,519.7269287109375,1906.1224365234375,654.0836791992188,0.078554667532444,0
22,804.2608032226562,467.4667053222656,825.9703369140625,534.6048583984375,0.07594119012355804,0
22,686.8411254882812,452.7464904785156,728.2952880859375,508.1195983886719,0.07489532977342606,0
22,429.68096923828125,457.7743835449219,504.1284484863281,621.1179809570312,0.07218830287456512,0
22,963.8805541992188,481.7522277832031,1016.0700073242188,579.0635986328125,0.0718715563416481,0
22,420.7471618652344,497.9281311035156,465.3725280761719,622.1268920898438,0.0687720775604248,0
22,1016.0372314453125,469.4805908203125,1058.3448486328125,528.8402709960938,0.06798374652862549,0
22,1003.0112915039062,449.1164245605469,1039.4649658203125,530.4373779296875,0.0669529065489769,0
22,1067.1961669921875,464.96923828125,1129.6256103515625,594.857177734375,0.06536328047513962,0
22,873.7622680664062,473.5828857421875,906.3092651367188,548.3765258789062,0.06463633477687836,0
22,856.7076416015625,462.8025817871094,885.9179077148438,548.88916015625,0.0636691004037857,0
22,976.9484252929688,452.9176940917969,1017.0148315429688,556.4368286132812,0.06207190826535225,0
22,1407.65478515625,427.74664306640625,1451.72607421875,559.81201171875,0.060052886605262756,0
22,1452.680419921875,466.8739013671875,1483.0308837890625,534.9962768554688,0.058931488543748856,0
22,418.68768310546875,497.88006591796875,455.45855712890625,559.701416015625,0.057656172662973404,0
22,879.554443359375,446.38909912109375,911.6513671875,550.4744873046875,0.05623330920934677,0
22,775.2769775390625,457.60015869140625,800.1732788085938,493.92572021484375,0.052013225853443146,0
22,419.193603515625,491.1784362792969,454.24237060546875,534.2733764648438,0.05157309025526047,0
22,409.9631652832031,469.3985595703125,434.2680358886719,510.4266357421875,0.051508549600839615,0
22,806.7738647460938,472.175537109375,828.0466918945312,544.0416870117188,0.05019944906234741,0
22,1066.3553466796875,455.2221984863281,1094.6597900390625,565.0184326171875,0.04655343294143677,0
22,402.97869873046875,481.3849182128906,433.44927978515625,532.0485229492188,0.04585179686546326,0
22,1452.8289794921875,465.7541198730469,1487.5623779296875,551.0921630859375,0.04513344541192055,0
22,1063.2454833984375,459.7493591308594,1098.3160400390625,589.85888671875,0.043604519218206406,0
22,1064.290771484375,450.267333984375,1098.56298828125,548.25,0.04169858992099762,0
22,1063.93701171875,453.2427062988281,1091.971923828125,522.5863037109375,0.04165210202336311,0
22,1879.723388671875,389.4079284667969,1919.408935546875,637.6588134765625,0.04070160910487175,0
22,802.07958984375,459.90081787109375,825.736083984375,510.75433349609375,0.040245421230793,0
22,1384.70703125,424.33612060546875,1453.75927734375,557.1055297851562,0.038590386509895325,0
22,502.3414306640625,445.3605651855469,577.5664672851562,715.0615234375,0.037858568131923676,0
22,1446.4368896484375,455.2995300292969,1482.796875,555.926025390625,0.0366738885641098,0
22,1028.9127197265625,434.4064636230469,1059.603759765625,525.0999755859375,0.03608457371592522,0
22,1827.21240234375,531.5076293945312,1869.4453125,644.6558227539062,0.035895295441150665,0
22,1056.070068359375,471.0985107421875,1095.4405517578125,540.7981567382812,0.03339375555515289,0
22,730.7282104492188,450.845947265625,763.1019897460938,484.41998291015625,0.03329641744494438,0
22,1885.748779296875,394.34613037109375,1919.2757568359375,499.66033935546875,0.033209946006536484,0
22,361.42156982421875,497.49627685546875,425.3727111816406,564.1519775390625,0.032827191054821014,0
22,1893.4901123046875,401.3139343261719,1919.35302734375,518.9515991210938,0.03263052552938461,0
22,1054.911376953125,462.5799865722656,1114.9183349609375,595.1593017578125,0.031152280047535896,0
22,1461.910400390625,414.60809326171875,1622.6217041015625,802.91015625,0.031124427914619446,0
22,298.50872802734375,454.86602783203125,336.9098815917969,566.492431640625,0.030570650473237038,0
22,854.5034790039062,475.9996032714844,892.0986938476562,550.1782836914062,0.03034774400293827,0
22,1843.560791015625,471.84185791015625,1883.30712890625,544.1947021484375,0.02928619459271431,0
22,1050.478759765625,484.373291015625,1095.79150390625,577.4696044921875,0.02818485163152218,0
22,1001.5538330078125,417.2919006347656,1035.34375,526.041259765625,0.028063690289855003,0
22,1696.9530029296875,434.2657470703125,1783.6900634765625,578.5676879882812,0.025581244379281998,0
22,1533.306884765625,433.3436279296875,1569.929443359375,491.26446533203125,0.023926330730319023,0
22,1064.037353515625,436.7586364746094,1084.612548828125,489.75714111328125,0.023372767493128777,0
22,376.6784362792969,496.6377868652344,424.43170166015625,557.7067260742188,0.022899292409420013,0
22,1201.63818359375,487.71710205078125,1219.5697021484375,521.189697265625,0.02191941812634468,0
22,546.4105834960938,454.9794616699219,585.9269409179688,509.07586669921875,0.021904997527599335,0
22,549.733154296875,475.65179443359375,583.8909301757812,530.836669921875,0.02006235532462597,0
22,979.0836181640625,441.05328369140625,1005.6064453125,504.9990234375,0.01898593083024025,0
22,1874.5521240234375,390.0222473144531,1918.5904541015625,492.08807373046875,0.018092578276991844,0
22,428.4117736816406,525.4539184570312,566.8685913085938,733.324951171875,0.017638985067605972,0
22,1880.35107421875,390.4205017089844,1919.314453125,471.3500061035156,0.017622491344809532,0
22,965.6867065429688,441.36602783203125,994.4229125976562,520.036376953125,0.017621533945202827,0
22,883.8865356445312,445.0220947265625,907.891845703125,480.862060546875,0.017281346023082733,0
22,1071.184814453125,440.0354919433594,1091.2364501953125,494.72113037109375,0.016973959282040596,0
22,968.013671875,443.28680419921875,1008.7518920898438,540.0009155273438,0.016822990030050278,0
22,775.4031982421875,450.89862060546875,801.6224365234375,478.4319152832031,0.015620095655322075,0
22,1405.67041015625,445.8944091796875,1463.4859619140625,558.2440795898438,0.015176685526967049,0
22,572.7322998046875,451.6934509277344,609.919189453125,508.5193176269531,0.015071701258420944,0
22,406.2543640136719,494.42315673828125,452.2389221191406,556.99072265625,0.014466618187725544,0
22,1527.085205078125,410.7214050292969,1649.6019287109375,774.623291015625,0.014441533014178276,0
22,823.1239624023438,461.1551513671875,863.9985961914062,551.6627197265625,0.014423524029552937,0
22,1640.9071044921875,427.0053405761719,1727.2969970703125,559.027099609375,0.013902130536735058,0
22,333.632080078125,453.7546691894531,359.9819641113281,503.5132141113281,0.013690546154975891,0
22,317.08770751953125,449.44293212890625,361.2562255859375,566.7650756835938,0.013162494637072086,0
22,463.53094482421875,440.67425537109375,492.64031982421875,526.3148803710938,0.01250002533197403,0
22,1699.5472412109375,432.1083984375,1781.0767822265625,542.84765625,0.012273570522665977,0
22,1889.6824951171875,498.3086242675781,1919.2723388671875,649.9342041015625,0.012087203562259674,0
22,1532.073974609375,435.046630859375,1569.45166015625,510.8426818847656,0.01208264846354723,0
22,903.690673828125,468.095947265625,933.878173828125,574.5737915039062,0.01164573710411787,0
22,957.709716796875,443.0266418457031,979.6781616210938,523.93359375,0.011135767214000225,0
22,458.6360778808594,453.0523681640625,519.77783203125,544.7325439453125,0.01110466755926609,0
22,418.4114685058594,461.0625915527344,454.1444091796875,521.6353149414062,0.011101583950221539,0
22,1738.1356201171875,448.37603759765625,1788.362548828125,578.246337890625,0.01097937487065792,0
22,1157.917236328125,436.9902648925781,1187.14404296875,523.49365234375,0.010632487945258617,0
22,718.3057861328125,449.854248046875,763.8981323242188,500.7710266113281,0.01051644142717123,0
22,423.97698974609375,447.59393310546875,487.6203308105469,599.0133666992188,0.010400183498859406,0
22,1461.2052001953125,474.01025390625,1779.3472900390625,818.3794555664062,0.0100094024091959,0
23,583.370361328125,443.7146301269531,689.2501831054688,712.5709228515625,0.7758517265319824,0
23,464.5425109863281,445.81402587890625,573.2232055664062,727.7854614257812,0.6874908208847046,0
23,1632.813720703125,422.2090759277344,1754.17236328125,801.2158813476562,0.626653790473938,0
23,1470.33154296875,411.717041015625,1648.14599609375,799.93505859375,0.4804978370666504,0
23,719.6204223632812,466.3349304199219,768.0338745117188,569.7979125976562,0.36246153712272644,0
23,1251.0726318359375,440.9022216796875,1288.088134765625,542.5457763671875,0.3385981619358063,0
23,1417.1771240234375,463.1322326660156,1471.2100830078125,558.6918334960938,0.25649547576904297,0
23,666.5949096679688,449.8849182128906,725.8123168945312,675.505615234375,0.24049080908298492,0
23,498.4107971191406,458.9215393066406,579.7650146484375,709.7293090820312,0.21945762634277344,0
23,1827.0845947265625,467.9753723144531,1910.2196044921875,651.2796630859375,0.17436818778514862,0
23,457.3845520019531,454.7351989746094,519.6746215820312,629.9541015625,0.16408853232860565,0
23,1090.1304931640625,451.9871826171875,1131.336181640625,587.1550903320312,0.1536708027124405,0
23,1304.6385498046875,418.4197082519531,1342.922607421875,547.2129516601562,0.15350988507270813,0
23,667.5830078125,449.6280212402344,727.7218017578125,594.5991821289062,0.15244734287261963,0
23,805.289306640625,469.4197998046875,833.4280395507812,549.1250610351562,0.14920414984226227,0
23,934.7400512695312,427.1337890625,967.4373779296875,519.1409912109375,0.1397998034954071,0
23,1454.663818359375,465.4736328125,1487.853515625,551.7750854492188,0.13899843394756317,0
23,1852.8013916015625,474.6170654296875,1919.3572998046875,652.66845703125,0.1212206706404686,0
23,1099.2652587890625,452.2162170410156,1132.69775390625,567.7053833007812,0.1208815649151802,0
23,830.93115234375,470.71868896484375,869.493896484375,551.4783325195312,0.11793112754821777,0
23,1896.815185546875,471.9642333984375,1919.31005859375,638.0044555664062,0.11696966737508774,0
23,1076.1727294921875,459.1105041503906,1129.8624267578125,595.00146484375,0.11664815992116928,0
23,920.4640502929688,428.0537109375,974.1963500976562,589.402099609375,0.11365329474210739,0
23,1436.5780029296875,463.5808410644531,1476.908935546875,558.0716552734375,0.11333168298006058,0
23,1005.3599853515625,455.6778564453125,1054.0367431640625,530.0859375,0.10839155316352844,0
23,677.1978149414062,474.5977478027344,726.5275268554688,604.4022827148438,0.10449302196502686,0
23,421.14166259765625,498.3071594238281,460.8648376464844,615.200927734375,0.09619876742362976,0
23,1469.951416015625,408.79248046875,1738.6429443359375,815.0667114257812,0.0939711183309555,0
23,825.4432983398438,471.7348937988281,855.6773071289062,551.1570434570312,0.08829685300588608,0
23,1852.1546630859375,522.273193359375,1906.1158447265625,654.7190551757812,0.0852310061454773,0
23,1419.087890625,438.6453552246094,1464.0523681640625,558.7544555664062,0.08154843002557755,0
23,684.463623046875,451.643310546875,727.828857421875,509.5525207519531,0.07968363165855408,0
23,1863.78955078125,393.0068664550781,1919.3580322265625,652.0171508789062,0.07959900796413422,0
23,1001.9517211914062,449.2510070800781,1041.4862060546875,530.115234375,0.07874128967523575,0
23,713.6593017578125,475.264892578125,770.8433227539062,583.5181274414062,0.07557133585214615,0
23,879.287841796875,445.6936340332031,911.303466796875,549.6438598632812,0.07514654099941254,0
23,1023.3173217773438,452.3050231933594,1058.4237060546875,528.9595336914062,0.07466956228017807,0
23,803.7920532226562,468.45849609375,825.8060913085938,535.1471557617188,0.07449184358119965,0
23,873.7443237304688,460.0367431640625,907.3452758789062,551.0322875976562,0.07356633245944977,0
23,1824.218994140625,499.08819580078125,1887.32666015625,645.0001831054688,0.07204781472682953,0
23,418.4900207519531,499.3517761230469,454.9527282714844,566.0299682617188,0.0701911449432373,0
23,1446.58154296875,455.7626953125,1482.418212890625,556.6856689453125,0.0662442073225975,0
23,306.2969665527344,458.20147705078125,343.6301574707031,568.3905029296875,0.061668913811445236,0
23,418.18865966796875,485.2660217285156,455.0473327636719,545.0162353515625,0.05985238775610924,0
23,410.1327209472656,469.9688415527344,435.8039245605469,509.5201721191406,0.05974718555808067,0
23,425.4831237792969,476.422119140625,515.3107299804688,624.3099975585938,0.0583878792822361,0
23,358.6994934082031,492.8590393066406,425.7789001464844,566.4338989257812,0.057658664882183075,0
23,402.5722351074219,477.3093566894531,438.7077331542969,539.0682373046875,0.05326978117227554,0
23,806.337890625,473.08465576171875,827.776611328125,543.5565185546875,0.04944590479135513,0
23,1063.6239013671875,451.54449462890625,1096.5667724609375,542.4415283203125,0.04808049649000168,0
23,428.6457214355469,452.3671875,486.79443359375,614.5200805664062,0.04775768145918846,0
23,1644.9976806640625,427.0410461425781,1735.2613525390625,561.2055053710938,0.04670724645256996,0
23,530.2537231445312,479.8990478515625,579.706298828125,705.816650390625,0.04615733399987221,0
23,1066.546142578125,454.9505310058594,1095.10107421875,563.8176879882812,0.04590178281068802,0
23,863.5039672851562,460.51190185546875,892.2881469726562,549.3577880859375,0.04568303003907204,0
23,1536.9503173828125,434.1016845703125,1568.4796142578125,496.6435546875,0.04366447031497955,0
23,802.2863159179688,460.2785339355469,826.8444213867188,516.794921875,0.043653279542922974,0
23,460.9917297363281,451.4423522949219,517.1030883789062,582.3824462890625,0.041789229959249496,0
23,774.3422241210938,458.1103820800781,799.470703125,493.9188537597656,0.04168875887989998,0
23,1063.224365234375,458.0303649902344,1097.22705078125,584.862548828125,0.03999543935060501,0
23,1891.5860595703125,395.4093933105469,1919.28955078125,519.3380737304688,0.0385204441845417,0
23,1405.5860595703125,426.9485778808594,1455.542724609375,560.4412231445312,0.03811577707529068,0
23,729.822265625,450.180908203125,763.0115966796875,485.6480712890625,0.03754615783691406,0
23,1063.3033447265625,452.4415283203125,1092.2178955078125,522.4481201171875,0.036912404000759125,0
23,1031.75439453125,436.3506774902344,1059.6036376953125,525.4999389648438,0.035755738615989685,0
23,969.4843139648438,476.50982666015625,1013.0125122070312,561.5278930664062,0.03558337315917015,0
23,999.2325439453125,421.1020202636719,1035.000732421875,527.53955078125,0.035179369151592255,0
23,407.9098205566406,488.1839294433594,454.5043029785156,562.808837890625,0.034922823309898376,0
23,1054.571533203125,474.066650390625,1094.976318359375,549.454833984375,0.034529849886894226,0
23,1050.13232421875,485.3762512207031,1094.183837890625,572.7155151367188,0.0342361181974411,0
23,963.4923706054688,488.2149353027344,1013.8555297851562,583.75439453125,0.03367801755666733,0
23,1885.237060546875,393.4816589355469,1919.2774658203125,500.5798645019531,0.03299953415989876,0
23,982.4782104492188,449.85626220703125,1016.3281860351562,535.648681640625,0.03184984251856804,0
23,545.8374633789062,452.28216552734375,584.63232421875,512.0077514648438,0.030678851529955864,0
23,1825.85009765625,532.6047973632812,1869.4248046875,643.4583129882812,0.028571363538503647,0
23,1469.2470703125,542.337890625,1641.3076171875,802.042236328125,0.02830330654978752,0
23,874.4481811523438,486.6008605957031,907.1134643554688,550.3109130859375,0.027881208807229996,0
23,549.5718994140625,463.341796875,584.0382080078125,531.7308349609375,0.02706359140574932,0
23,297.6064453125,455.086669921875,338.3170166015625,566.3895263671875,0.026669926941394806,0
23,883.4086303710938,444.8509826660156,907.1400146484375,483.3992614746094,0.02532183565199375,0
23,585.1058959960938,451.0787048339844,610.797607421875,510.33758544921875,0.023678291589021683,0
23,1384.2237548828125,423.2911376953125,1457.4827880859375,555.8961181640625,0.023282304406166077,0
23,1053.1751708984375,461.0695495605469,1112.7869873046875,594.6434936523438,0.022901110351085663,0
23,1063.439208984375,437.0125427246094,1083.9525146484375,490.1163330078125,0.022640066221356392,0
23,463.6044921875,440.33056640625,510.8233642578125,557.4944458007812,0.02120428904891014,0
23,858.7391967773438,475.92608642578125,897.1915283203125,551.0586547851562,0.02106907218694687,0
23,419.30780029296875,461.5377502441406,455.86846923828125,524.6104125976562,0.020896077156066895,0
23,1527.3245849609375,409.0927734375,1645.50634765625,788.3917236328125,0.020123569294810295,0
23,1880.5283203125,390.34326171875,1919.32177734375,473.8824768066406,0.01935247704386711,0
23,1874.326171875,390.2119445800781,1918.836181640625,492.0460510253906,0.019148122519254684,0
23,1402.6234130859375,451.02117919921875,1472.29833984375,558.3101806640625,0.01911739632487297,0
23,1547.237548828125,422.003662109375,1578.840087890625,480.571044921875,0.01805843785405159,0
23,1845.10546875,387.89019775390625,1918.79736328125,612.2916259765625,0.018003525212407112,0
23,463.8336181640625,440.1464538574219,494.9542236328125,527.7660522460938,0.01734946109354496,0
23,1201.5872802734375,487.4635009765625,1219.8289794921875,521.3502807617188,0.01730959862470627,0
23,430.808837890625,539.6993408203125,504.9208679199219,624.7965087890625,0.0170646533370018,0
23,981.9086303710938,440.2580871582031,1004.5027465820312,496.0484924316406,0.016953762620687485,0
23,1070.879150390625,440.32232666015625,1091.4627685546875,496.3406982421875,0.01683323085308075,0
23,1843.1180419921875,470.5591735839844,1884.8192138671875,544.0999755859375,0.01610363833606243,0
23,1605.6556396484375,464.5440673828125,1752.4205322265625,821.6978759765625,0.015926990658044815,0
23,965.6268920898438,440.5183410644531,993.0447387695312,517.4449462890625,0.015846097841858864,0
23,467.84307861328125,438.68017578125,506.3865966796875,510.355712890625,0.015136790461838245,0
23,903.2239990234375,462.37225341796875,935.4800415039062,582.3880615234375,0.014125600457191467,0
23,1826.26025390625,415.94110107421875,1919.42578125,647.4005126953125,0.013070009648799896,0
23,374.6195983886719,487.1182556152344,458.29449462890625,567.3121948242188,0.012196631170809269,0
23,912.4802856445312,504.9810791015625,975.9244995117188,589.3795776367188,0.01181839220225811,0
23,302.1513366699219,484.9869079589844,340.6838684082031,566.6737060546875,0.011293737217783928,0
23,1887.4969482421875,501.76885986328125,1919.2547607421875,651.2152099609375,0.011229228228330612,0
23,1713.391845703125,431.9279479980469,1784.5235595703125,541.3233642578125,0.01113836094737053,0
23,507.4453125,449.6668395996094,557.62646484375,499.9732360839844,0.010847629979252815,0
23,775.1962280273438,451.20330810546875,800.8511352539062,479.2690734863281,0.010672117583453655,0
23,698.7548217773438,483.1868591308594,783.2327270507812,655.9580078125,0.0104977460578084,0
23,957.3643798828125,441.92926025390625,978.16552734375,523.0618286132812,0.010382394306361675,0
23,1157.4437255859375,436.571533203125,1187.4697265625,523.8107299804688,0.010278328321874142,0
24,584.5740966796875,443.81597900390625,689.4592895507812,712.024658203125,0.754838228225708,0
24,1478.10107421875,406.5047607421875,1698.5618896484375,821.0482177734375,0.7029525637626648,0
24,468.9247131347656,444.7729797363281,578.3720703125,731.3987426757812,0.683621883392334,0
24,1644.6661376953125,418.8022155761719,1764.5628662109375,797.905029296875,0.6253459453582764,0
24,721.881103515625,460.632568359375,770.8630981445312,569.376953125,0.43082281947135925,0
24,1417.295166015625,464.77825927734375,1481.0233154296875,558.9656982421875,0.3020215332508087,0
24,1253.9432373046875,437.12841796875,1296.041748046875,546.3190307617188,0.2969382703304291,0
24,668.0619506835938,449.1675109863281,726.3899536132812,686.2894287109375,0.2357458621263504,0
24,500.19451904296875,461.14178466796875,582.6214599609375,712.4484252929688,0.213996022939682,0
24,1457.4459228515625,464.77734375,1489.3133544921875,554.6444702148438,0.19776874780654907,0
24,1825.431884765625,467.64202880859375,1900.705078125,652.3042602539062,0.19254839420318604,0
24,1081.8037109375,456.4087829589844,1132.124267578125,593.4928588867188,0.17476849257946014,0
24,461.5240173339844,461.1427917480469,520.139892578125,631.6769409179688,0.1549503058195114,0
24,1005.4271850585938,451.6002502441406,1054.306396484375,530.997314453125,0.1496001034975052,0
24,934.2418212890625,429.3322448730469,967.2374267578125,519.9915771484375,0.14668653905391693,0
24,921.1792602539062,429.56689453125,973.8359985351562,589.3206176757812,0.139224573969841,0
24,805.1338500976562,468.8487854003906,833.1471557617188,548.9974975585938,0.1383098065853119,0
24,671.296875,448.8121032714844,728.930419921875,581.1797485351562,0.12458743900060654,0
24,1097.17529296875,452.939208984375,1133.0909423828125,572.11376953125,0.12245315313339233,0
24,830.5995483398438,469.9402770996094,869.2846069335938,551.6785278320312,0.113102987408638,0
24,1020.955810546875,448.3641357421875,1058.7857666015625,529.880126953125,0.11123691499233246,0
24,809.8936157226562,470.9748229980469,838.2947387695312,549.1085815429688,0.10199490189552307,0
24,674.7459106445312,475.4092712402344,726.9441528320312,606.4437255859375,0.1014857366681099,0
24,687.2205200195312,451.1334533691406,729.1472778320312,507.9239807128906,0.10131315886974335,0
24,1304.8546142578125,417.077392578125,1343.279296875,546.8140869140625,0.09838839620351791,0
24,580.913330078125,449.6924743652344,655.1651611328125,706.9274291992188,0.09816840291023254,0
24,1894.37255859375,464.8184509277344,1919.271240234375,637.9589233398438,0.09758048504590988,0
24,825.4179077148438,471.37225341796875,856.5343017578125,551.2853393554688,0.09249203652143478,0
24,873.8684692382812,450.4576110839844,907.5807495117188,551.3054809570312,0.08628857880830765,0
24,1878.330322265625,389.7066650390625,1919.4158935546875,648.7840576171875,0.08552747964859009,0
24,306.8305969238281,456.7392883300781,343.8301696777344,568.129638671875,0.08459073305130005,0
24,1850.883544921875,473.1568298339844,1919.350341796875,653.4970092773438,0.07912005484104156,0
24,803.59814453125,466.93572998046875,825.6563110351562,533.9701538085938,0.07855083793401718,0
24,422.52447509765625,498.3230895996094,457.9541015625,584.60986328125,0.06919365376234055,0
24,1030.1387939453125,438.21038818359375,1059.479248046875,529.393798828125,0.06426844745874405,0
24,418.1371154785156,499.73858642578125,454.068359375,561.8712158203125,0.0625615194439888,0
24,1852.67578125,520.2368774414062,1906.0711669921875,653.9752807617188,0.060140129178762436,0
24,999.7337036132812,420.17578125,1037.65771484375,529.8206176757812,0.05656614899635315,0
24,419.4920654296875,487.2916259765625,454.65252685546875,544.4490966796875,0.0560033917427063,0
24,1888.60546875,393.9771423339844,1919.4140625,608.0435180664062,0.04943384975194931,0
24,519.3908081054688,476.5516662597656,585.7581176757812,700.05859375,0.049175649881362915,0
24,1066.8431396484375,461.6399230957031,1126.383544921875,595.5462036132812,0.04877999424934387,0
24,402.4219665527344,478.5589599609375,442.3796081542969,541.14697265625,0.04690437391400337,0
24,410.2056884765625,469.3714599609375,436.50439453125,509.87457275390625,0.04684189334511757,0
24,714.3165893554688,470.106201171875,773.52099609375,581.5247802734375,0.046674564480781555,0
24,1066.882080078125,454.6852111816406,1094.42578125,560.3656005859375,0.04606534168124199,0
24,802.4970703125,459.9939880371094,827.288818359375,518.1824951171875,0.04588272050023079,0
24,864.8056640625,459.56829833984375,893.886474609375,549.9575805664062,0.04460011422634125,0
24,1064.823974609375,456.51702880859375,1107.3359375,591.6455688476562,0.0445733442902565,0
24,361.2865905761719,494.5976257324219,426.2080993652344,565.4934692382812,0.04455564171075821,0
24,1063.3997802734375,452.10552978515625,1092.0191650390625,519.9219970703125,0.040791742503643036,0
24,773.8700561523438,459.0852355957031,799.4141845703125,495.599853515625,0.039682336151599884,0
24,915.44384765625,489.7806091308594,977.586181640625,587.689453125,0.03913462534546852,0
24,299.0291748046875,455.53564453125,338.77734375,566.104248046875,0.03903815895318985,0
24,467.0827331542969,459.5898742675781,519.0249633789062,570.0390014648438,0.03847206383943558,0
24,430.92572021484375,457.1111145019531,487.114013671875,611.9625854492188,0.035385534167289734,0
24,431.84393310546875,478.8384704589844,517.6543579101562,613.513916015625,0.0352519154548645,0
24,730.0575561523438,450.00274658203125,764.1339111328125,486.67657470703125,0.033546239137649536,0
24,1549.034912109375,408.58758544921875,1659.5478515625,645.64013671875,0.03230562433600426,0
24,983.14013671875,446.92779541015625,1015.6585693359375,528.8272094726562,0.03208722919225693,0
24,1885.5662841796875,393.75213623046875,1919.2825927734375,501.8050537109375,0.03117077797651291,0
24,883.4503784179688,444.93524169921875,907.1321411132812,484.44427490234375,0.03042794018983841,0
24,969.4508666992188,476.77313232421875,1012.2005004882812,556.3853759765625,0.029517631977796555,0
24,406.78070068359375,491.3525390625,452.65338134765625,560.5369262695312,0.029450854286551476,0
24,1055.803466796875,473.488037109375,1094.7657470703125,540.8098754882812,0.029368411749601364,0
24,1063.9249267578125,437.49530029296875,1085.1075439453125,492.04425048828125,0.02813483215868473,0
24,1823.8125,408.0407409667969,1919.3382568359375,648.8644409179688,0.02674674801528454,0
24,874.7400512695312,484.7940979003906,907.5576782226562,550.4869995117188,0.026505695655941963,0
24,963.6998901367188,487.1289367675781,1013.7777709960938,583.755859375,0.026343680918216705,0
24,1538.3609619140625,435.1404724121094,1568.2620849609375,497.0991516113281,0.025863759219646454,0
24,1050.342529296875,483.08843994140625,1094.9232177734375,572.968505859375,0.02566971629858017,0
24,1533.7928466796875,440.98681640625,1567.3853759765625,539.9229125976562,0.024665100499987602,0
24,547.5452270507812,452.2458801269531,583.3167114257812,511.0538635253906,0.02386477030813694,0
24,980.4977416992188,439.5519104003906,1004.4607543945312,508.7657775878906,0.023499678820371628,0
24,901.5162963867188,455.31976318359375,934.6261596679688,582.6292114257812,0.022358009591698647,0
24,1547.057373046875,408.94134521484375,1677.318603515625,775.6909790039062,0.02217683754861355,0
24,671.2265625,451.60052490234375,727.1896362304688,537.6864624023438,0.0214218832552433,0
24,699.3094482421875,479.7863464355469,784.6203002929688,654.5803833007812,0.020862611010670662,0
24,858.4276123046875,475.1098327636719,896.437744140625,551.017578125,0.02059628814458847,0
24,1826.5455322265625,530.9877319335938,1870.9954833984375,645.5542602539062,0.020421380177140236,0
24,549.2785034179688,467.4194030761719,582.9105834960938,549.989990234375,0.020144348964095116,0
24,1070.2420654296875,440.3616027832031,1091.406005859375,496.2593078613281,0.018942346796393394,0
24,965.789794921875,440.4949035644531,995.025146484375,519.7066650390625,0.01862471178174019,0
24,1201.0474853515625,486.86932373046875,1219.96142578125,521.533447265625,0.018481742590665817,0
24,467.7466735839844,440.6454162597656,514.6302490234375,552.5028686523438,0.01801493391394615,0
24,1844.0335693359375,388.24713134765625,1919.0928955078125,619.2689208984375,0.017545564100146294,0
24,1881.3695068359375,389.75384521484375,1919.3389892578125,472.9376525878906,0.01713816076517105,0
24,432.5644226074219,545.2380981445312,510.3769226074219,626.2014770507812,0.017024030908942223,0
24,418.98193359375,458.2149658203125,455.3401794433594,529.9661865234375,0.016795361414551735,0
24,1831.09423828125,526.85546875,1907.3704833984375,653.9517211914062,0.016634590923786163,0
24,583.8798828125,449.81304931640625,611.8255004882812,511.317626953125,0.01646375097334385,0
24,1873.6627197265625,390.8060302734375,1918.8216552734375,491.5367431640625,0.016444619745016098,0
24,1724.93115234375,445.6436462402344,1784.1181640625,546.533203125,0.015686839818954468,0
24,1650.03076171875,422.5634765625,1742.37890625,567.5277099609375,0.015441370196640491,0
24,962.5078125,475.5425109863281,1008.000732421875,565.852783203125,0.015303307212889194,0
24,1554.491455078125,421.4648742675781,1578.9697265625,482.04248046875,0.014764966443181038,0
24,1842.0615234375,468.897705078125,1884.320068359375,542.4871215820312,0.014452368952333927,0
24,1675.7069091796875,423.7654724121094,1744.5933837890625,557.916015625,0.013838806189596653,0
24,326.68231201171875,453.7108154296875,362.696044921875,565.4991455078125,0.013533548451960087,0
24,530.43994140625,476.3445739746094,578.1015625,709.0964965820312,0.01282031461596489,0
24,544.39306640625,442.3341064453125,585.2728271484375,505.65545654296875,0.012798981741070747,0
24,1887.695068359375,492.65313720703125,1919.3056640625,650.5484619140625,0.01248603593558073,0
24,957.9373168945312,441.741943359375,979.4309692382812,524.3485107421875,0.011584545485675335,0
24,469.87042236328125,438.76995849609375,505.8772888183594,504.21734619140625,0.01124223880469799,0
24,994.6613159179688,475.94805908203125,1053.76318359375,584.3245239257812,0.010488102212548256,0
24,876.0963134765625,447.47900390625,901.70068359375,512.8528442382812,0.010173133574426174,0
24,464.6585998535156,440.4031677246094,494.9165954589844,529.9666137695312,0.010122008621692657,0
24,1397.8477783203125,426.38287353515625,1460.1954345703125,561.782958984375,0.01010085642337799,0
25,585.4449462890625,443.6580505371094,689.9091796875,712.3974609375,0.7429623007774353,0
25,1656.98583984375,416.07421875,1779.896484375,802.798095703125,0.6676844954490662,0
25,1486.8883056640625,406.5938415527344,1699.8681640625,818.6647338867188,0.6347805857658386,0
25,466.4747314453125,444.4216003417969,578.8064575195312,734.0467529296875,0.63334059715271,0
25,719.8798828125,463.1265563964844,769.2500610351562,566.6611328125,0.4016464650630951,0
25,495.0033874511719,470.8733825683594,579.57666015625,721.0936889648438,0.38292837142944336,0
25,1421.304931640625,457.5006408691406,1483.1513671875,558.02001953125,0.3057022988796234,0
25,1250.3349609375,442.6198425292969,1284.61669921875,542.004150390625,0.3038859963417053,0
25,668.562744140625,451.8804016113281,725.6259765625,686.4124755859375,0.28712332248687744,0
25,1458.1455078125,460.08343505859375,1491.5040283203125,555.5222778320312,0.25843051075935364,0
25,1253.56689453125,440.6969909667969,1295.046875,547.4461669921875,0.2484123855829239,0
25,1564.4395751953125,405.8150939941406,1693.2901611328125,811.8981323242188,0.20005249977111816,0
25,1832.038818359375,468.01171875,1893.7567138671875,652.7942504882812,0.19927504658699036,0
25,1081.4332275390625,453.7380065917969,1131.5345458984375,594.4589233398438,0.17557141184806824,0
25,933.4151000976562,429.4900817871094,967.2041015625,519.6297607421875,0.17232440412044525,0
25,920.0548095703125,429.9782409667969,973.69482421875,589.0038452148438,0.16652941703796387,0
25,804.2754516601562,468.71173095703125,834.6958618164062,548.638916015625,0.15365344285964966,0
25,1852.716064453125,468.93841552734375,1919.2716064453125,654.1168823242188,0.12451885640621185,0
25,459.8218688964844,464.706298828125,521.9945068359375,627.5155029296875,0.12219651788473129,0
25,1098.2384033203125,450.7588806152344,1133.8079833984375,577.0379028320312,0.11971493065357208,0
25,673.0909423828125,476.5254821777344,725.7555541992188,609.21484375,0.11409177631139755,0
25,1895.2559814453125,467.3150939941406,1919.309814453125,638.60400390625,0.10906160622835159,0
25,832.0966186523438,470.50103759765625,870.7022094726562,550.8726196289062,0.10206016898155212,0
25,1006.133056640625,454.71966552734375,1053.5826416015625,530.1373291015625,0.09858310222625732,0
25,581.1537475585938,450.29278564453125,651.54150390625,707.1868286132812,0.0979805439710617,0
25,825.823974609375,471.5693664550781,854.2899169921875,550.26220703125,0.09181883186101913,0
25,803.0143432617188,468.4426574707031,827.5995483398438,538.5377807617188,0.0912521630525589,0
25,1306.1334228515625,417.455322265625,1343.3133544921875,547.0896606445312,0.09010589867830276,0
25,688.97607421875,451.7610168457031,729.392578125,506.3597717285156,0.08374647796154022,0
25,672.843994140625,449.22235107421875,728.37548828125,575.9024658203125,0.08069538325071335,0
25,1867.5966796875,417.9158935546875,1919.206787109375,653.3822021484375,0.07530958205461502,0
25,422.3364562988281,497.98553466796875,456.6264343261719,568.0327758789062,0.07263108342885971,0
25,360.29351806640625,491.0383605957031,426.199951171875,566.2699584960938,0.07126177847385406,0
25,880.3726196289062,445.822998046875,911.9901733398438,551.1824951171875,0.06579019874334335,0
25,1852.5457763671875,519.8666381835938,1906.204833984375,655.8715209960938,0.06524214893579483,0
25,874.8828735351562,459.7933044433594,906.3096313476562,551.3829345703125,0.06439315527677536,0
25,419.3572998046875,489.9764099121094,455.04071044921875,542.940673828125,0.06242663785815239,0
25,708.3255615234375,467.7143859863281,772.1663818359375,605.51416015625,0.060809772461652756,0
25,1014.5775146484375,473.8155212402344,1053.9561767578125,529.179931640625,0.05527747422456741,0
25,856.7109375,462.2275085449219,887.876220703125,549.1807861328125,0.05284704267978668,0
25,304.32708740234375,459.98504638671875,343.612548828125,568.02734375,0.05043230950832367,0
25,1066.623779296875,453.02398681640625,1124.9681396484375,595.8400268554688,0.04794565215706825,0
25,998.4548950195312,444.0370788574219,1048.6978759765625,529.4432983398438,0.04779840260744095,0
25,397.92462158203125,479.0497741699219,432.39642333984375,538.7787475585938,0.0449083037674427,0
25,851.9326171875,471.92669677734375,884.7864990234375,548.3058471679688,0.04276012256741524,0
25,408.15216064453125,469.43463134765625,434.3117980957031,517.3751220703125,0.04249412938952446,0
25,434.887939453125,478.847900390625,517.4950561523438,621.8402709960938,0.040379296988248825,0
25,1063.5791015625,450.8858642578125,1099.613525390625,560.0550537109375,0.03672705590724945,0
25,998.666748046875,416.0185546875,1038.5987548828125,526.3504028320312,0.03538796678185463,0
25,772.16259765625,460.6467590332031,798.096923828125,496.0272216796875,0.03509734198451042,0
25,1067.2078857421875,453.4021301269531,1093.7462158203125,544.7496948242188,0.03425390273332596,0
25,1822.3040771484375,474.22137451171875,1885.1839599609375,643.65966796875,0.03416693955659866,0
25,432.97113037109375,545.2410278320312,511.00482177734375,627.2656860351562,0.033054087311029434,0
25,1063.283935546875,449.91851806640625,1092.041015625,517.4124755859375,0.032930731773376465,0
25,465.18292236328125,461.9383850097656,521.7083129882812,591.813720703125,0.03193739801645279,0
25,429.8641052246094,462.35247802734375,483.866943359375,606.9087524414062,0.031891897320747375,0
25,1536.94921875,438.53741455078125,1567.125732421875,500.858642578125,0.03012477606534958,0
25,700.715576171875,477.9150695800781,784.0050659179688,654.9763793945312,0.027927644550800323,0
25,1561.9493408203125,407.38397216796875,1670.3756103515625,666.6089477539062,0.02772805280983448,0
25,1890.5570068359375,406.3750305175781,1919.4122314453125,571.64794921875,0.026807395741343498,0
25,874.7684326171875,488.0009765625,906.582275390625,550.2020874023438,0.026651503518223763,0
25,900.2750244140625,449.4148864746094,932.7861328125,580.529541015625,0.026232697069644928,0
25,883.0601806640625,445.20318603515625,906.8587646484375,483.36749267578125,0.025404583662748337,0
25,403.31591796875,489.264892578125,452.6843566894531,560.1770629882812,0.023959636688232422,0
25,728.71875,450.125244140625,763.909423828125,485.2634582519531,0.0226865466684103,0
25,1883.18896484375,394.38006591796875,1919.2567138671875,498.8199462890625,0.022394945845007896,0
25,983.1710815429688,442.8050537109375,1014.1862182617188,524.756103515625,0.02225097082555294,0
25,1063.2564697265625,437.8318176269531,1085.5037841796875,495.7867126464844,0.021955911070108414,0
25,1826.1002197265625,529.4619750976562,1870.6387939453125,647.2509765625,0.021596252918243408,0
25,298.9095153808594,483.5807189941406,340.9183044433594,567.8546142578125,0.021121159195899963,0
25,546.781494140625,453.7581481933594,583.2584838867188,510.8335876464844,0.020702553912997246,0
25,1200.681884765625,489.21917724609375,1218.85693359375,521.6434936523438,0.01978430710732937,0
25,1056.9268798828125,472.74609375,1094.7388916015625,536.8016967773438,0.01971478760242462,0
25,1026.954345703125,424.2417297363281,1060.8123779296875,527.6981201171875,0.019283100962638855,0
25,549.2616577148438,465.24169921875,582.1314697265625,537.8501586914062,0.01766824908554554,0
25,910.27880859375,475.1195068359375,976.7638549804688,589.1049194335938,0.017657890915870667,0
25,982.0955810546875,438.86077880859375,1005.4093017578125,505.6119689941406,0.017110832035541534,0
25,1844.252197265625,469.2835693359375,1884.8389892578125,543.9340209960938,0.01680014841258526,0
25,1881.668701171875,487.3550109863281,1919.280029296875,652.7957153320312,0.016752829775214195,0
25,415.9781799316406,458.08642578125,456.0096130371094,541.1251831054688,0.0166859719902277,0
25,964.5595092773438,439.80303955078125,995.0502319335938,518.2714233398438,0.016651323065161705,0
25,582.3607788085938,448.60235595703125,612.363525390625,518.61328125,0.016461241990327835,0
25,1070.0579833984375,440.5870056152344,1091.619384765625,500.1180725097656,0.015306965447962284,0
25,961.3421630859375,489.76629638671875,1014.25634765625,585.8643188476562,0.014855140820145607,0
25,1579.80029296875,403.7875671386719,1735.740966796875,821.004150390625,0.014298693276941776,0
25,966.7932739257812,472.31048583984375,1009.9285278320312,553.8131103515625,0.014210851863026619,0
25,1878.83642578125,390.6012268066406,1919.28515625,473.8572692871094,0.013790901750326157,0
25,1293.73388671875,413.9356384277344,1345.620361328125,548.3639526367188,0.01378526072949171,0
25,685.7847290039062,507.5867614746094,725.9365234375,629.1599731445312,0.013760078698396683,0
25,1051.449462890625,488.5712585449219,1095.3905029296875,583.4612426757812,0.013351655565202236,0
25,467.41461181640625,443.8451843261719,514.1434936523438,564.1469116210938,0.013186896219849586,0
25,626.2090454101562,505.100830078125,693.5147705078125,709.2469482421875,0.012356706894934177,0
25,361.1911315917969,486.7591552734375,455.0069580078125,566.4362182617188,0.012152481824159622,0
25,659.2954711914062,451.8201599121094,715.3658447265625,694.7492065429688,0.012060152366757393,0
25,914.9668579101562,509.5205383300781,975.431396484375,587.1211547851562,0.011930863372981548,0
25,1845.352294921875,394.7860107421875,1918.7186279296875,608.5535888671875,0.01155331265181303,0
25,382.8863830566406,464.7489013671875,430.8113098144531,557.8309936523438,0.010394110344350338,0
25,958.0889282226562,441.2334899902344,980.5025024414062,523.4340209960938,0.010159295052289963,0
25,1531.8431396484375,448.8414001464844,1571.8692626953125,557.3316650390625,0.01000145822763443,0
26,586.7421264648438,444.27020263671875,688.3378295898438,712.8800659179688,0.7237621545791626,0
26,1661.3829345703125,421.9051208496094,1774.2037353515625,800.8497314453125,0.661751389503479,0
26,467.31573486328125,440.6290283203125,580.3388671875,736.281005859375,0.6586104035377502,0
26,1495.6815185546875,410.1012268066406,1734.08349609375,819.7194213867188,0.5970010757446289,0
26,720.0505981445312,463.27020263671875,770.2864990234375,567.7816772460938,0.44020143151283264,0
26,498.2669982910156,464.5270690917969,580.0933227539062,722.6436767578125,0.3485441207885742,0
26,668.9348754882812,450.7136535644531,726.3124389648438,678.9739379882812,0.31154826283454895,0
26,1250.849853515625,442.1260070800781,1285.4132080078125,541.05712890625,0.3014703691005707,0
26,1419.4835205078125,444.7077941894531,1481.1168212890625,557.7484130859375,0.28907036781311035,0
26,1461.261474609375,458.7953796386719,1493.1639404296875,555.570068359375,0.27896812558174133,0
26,1830.3546142578125,466.7875671386719,1894.388427734375,652.1038208007812,0.2766730785369873,0
26,1079.687744140625,452.9256591796875,1132.619873046875,594.4525146484375,0.2765951156616211,0
26,1256.00927734375,439.8478088378906,1290.958740234375,546.1424560546875,0.26061946153640747,0
26,1094.2030029296875,451.3167419433594,1134.5892333984375,583.4935302734375,0.18745370209217072,0
26,1854.198486328125,466.7776794433594,1919.280029296875,653.47265625,0.14489367604255676,0
26,690.6779174804688,452.0,727.195556640625,527.864990234375,0.14469721913337708,0
26,670.8673095703125,462.9335021972656,726.3892822265625,625.256591796875,0.1436832845211029,0
26,921.0888671875,432.0535583496094,973.4290161132812,589.1781616210938,0.1413429230451584,0
26,933.952880859375,433.0826110839844,966.4442138671875,520.7950439453125,0.1361941397190094,0
26,1567.9566650390625,407.4721984863281,1705.811279296875,815.8284912109375,0.13400040566921234,0
26,804.70263671875,468.6151428222656,832.3226318359375,548.5352783203125,0.13303083181381226,0
26,1895.55322265625,471.00531005859375,1919.33349609375,638.8020629882812,0.13136827945709229,0
26,1305.0374755859375,414.4498291015625,1343.1541748046875,546.8164672851562,0.11894907057285309,0
26,581.1154174804688,449.60797119140625,658.5330200195312,707.698974609375,0.11212741583585739,0
26,1852.70703125,518.3164672851562,1905.084716796875,655.0810546875,0.09720206260681152,0
26,680.4730834960938,450.3961486816406,726.5215454101562,565.9990234375,0.09529580175876617,0
26,809.4548950195312,473.3266296386719,835.9041137695312,548.3075561523438,0.08763061463832855,0
26,462.32476806640625,465.91497802734375,523.3255004882812,630.1947021484375,0.08687251806259155,0
26,829.6276245117188,470.68963623046875,866.2864379882812,551.4805297851562,0.08558671921491623,0
26,826.5697631835938,472.22259521484375,855.5553588867188,550.26708984375,0.08481857180595398,0
26,419.02313232421875,489.48486328125,455.7950134277344,544.3883666992188,0.0826704353094101,0
26,803.0009765625,468.8421936035156,827.139404296875,538.557373046875,0.07822059094905853,0
26,418.4786682128906,499.5733642578125,454.8267517089844,555.9564819335938,0.07248274981975555,0
26,361.9134521484375,495.18487548828125,424.91326904296875,565.8920288085938,0.06406114250421524,0
26,1007.869873046875,472.4792175292969,1055.5513916015625,529.4019165039062,0.054926179349422455,0
26,1061.208251953125,454.4694519042969,1125.217529296875,594.75732421875,0.05433330312371254,0
26,1012.4968872070312,458.4859619140625,1058.1146240234375,529.8262939453125,0.050033509731292725,0
26,300.5837707519531,485.6578674316406,341.2169494628906,566.1853637695312,0.04761620983481407,0
26,1004.0776977539062,450.7604675292969,1053.8065185546875,527.8868408203125,0.046546533703804016,0
26,410.258544921875,469.9708557128906,434.08551025390625,512.029052734375,0.045955315232276917,0
26,401.3215026855469,479.814697265625,432.0806579589844,537.0137329101562,0.045176394283771515,0
26,801.6150512695312,459.9700012207031,828.1067504882812,514.8270874023438,0.04365377873182297,0
26,690.0889892578125,450.3072509765625,727.0020751953125,501.35101318359375,0.043600600212812424,0
26,918.2486572265625,483.0581359863281,977.1397705078125,587.0845336914062,0.04299033805727959,0
26,304.6142578125,463.35736083984375,344.1165771484375,567.2963256835938,0.04260141775012016,0
26,771.3264770507812,460.4476318359375,795.1854858398438,495.77874755859375,0.04138428717851639,0
26,881.2469482421875,445.77886962890625,912.619140625,548.635986328125,0.03915943205356598,0
26,710.764404296875,465.32513427734375,773.6342163085938,605.4253540039062,0.03849073126912117,0
26,876.6282958984375,461.2167663574219,906.22802734375,549.8467407226562,0.035882461816072464,0
26,1065.828369140625,453.66552734375,1094.0321044921875,576.841552734375,0.03565618023276329,0
26,421.0565490722656,476.3522644042969,472.4478454589844,578.1180419921875,0.033300478011369705,0
26,1061.2357177734375,455.4703674316406,1091.213134765625,527.05908203125,0.03318839892745018,0
26,858.6239013671875,462.6068115234375,888.542236328125,548.8427734375,0.03259998559951782,0
26,1496.3074951171875,544.0615234375,1648.67138671875,808.4459838867188,0.03233594447374344,0
26,1061.630859375,452.3974914550781,1104.4962158203125,585.2047729492188,0.03204314038157463,0
26,1877.8616943359375,388.8994445800781,1919.3768310546875,640.4075927734375,0.03172377869486809,0
26,1536.421142578125,435.9801940917969,1563.3336181640625,492.46502685546875,0.028473932296037674,0
26,1054.3914794921875,475.1091613769531,1093.73095703125,539.370361328125,0.027048775926232338,0
26,1567.6900634765625,409.5455017089844,1686.4918212890625,690.5303344726562,0.026924200356006622,0
26,1427.4471435546875,459.6870422363281,1486.8077392578125,558.2103271484375,0.026232805103063583,0
26,961.7920532226562,499.1594543457031,1017.4678344726562,586.2913818359375,0.02578631415963173,0
26,1827.0604248046875,532.3270874023438,1861.5311279296875,647.114990234375,0.025117725133895874,0
26,730.8479614257812,450.9755859375,763.5946655273438,483.93218994140625,0.025048160925507545,0
26,427.453125,509.794921875,519.7131958007812,626.30859375,0.024986516684293747,0
26,1050.0985107421875,488.625,1093.8587646484375,581.4614868164062,0.024642225354909897,0
26,467.4413757324219,466.619873046875,520.2456665039062,558.2269897460938,0.023722082376480103,0
26,415.5819396972656,463.1629943847656,455.8265075683594,541.8248901367188,0.02367037907242775,0
26,407.7864990234375,492.6647644042969,450.11865234375,557.852294921875,0.02329704537987709,0
26,1537.5133056640625,439.6820068359375,1575.2286376953125,546.95654296875,0.02233847603201866,0
26,1200.9471435546875,490.6893310546875,1218.99658203125,521.5365600585938,0.022192204371094704,0
26,1882.5667724609375,487.7804260253906,1919.2691650390625,651.9871826171875,0.02141379751265049,0
26,1843.0345458984375,468.4879150390625,1884.393310546875,543.4440307617188,0.02061794139444828,0
26,1891.591552734375,431.66583251953125,1919.3671875,536.0205688476562,0.0195669736713171,0
26,668.1294555664062,510.64739990234375,720.6784057617188,696.9591064453125,0.019523724913597107,0
26,577.7274169921875,447.7577819824219,611.1837768554688,515.7075805664062,0.018927525728940964,0
26,701.795654296875,473.3405456542969,783.9845581054688,654.2891845703125,0.01856936141848564,0
26,1882.688232421875,393.4842224121094,1919.263916015625,497.5513000488281,0.017518294975161552,0
26,468.90728759765625,446.169189453125,514.9002685546875,547.8414306640625,0.0173195768147707,0
26,548.3079223632812,451.06048583984375,581.8121948242188,506.93109130859375,0.01731221005320549,0
26,1292.0377197265625,412.9558410644531,1345.8450927734375,547.2308959960938,0.01730622537434101,0
26,346.7073669433594,499.2052001953125,419.2398681640625,566.52099609375,0.017283832654356956,0
26,965.0401611328125,504.08349609375,1015.512451171875,569.7257690429688,0.01725565455853939,0
26,1060.9912109375,438.3987121582031,1083.496337890625,495.6424255371094,0.016233036294579506,0
26,624.3392944335938,454.47967529296875,690.2076416015625,710.2664794921875,0.016056327149271965,0
26,883.5071411132812,445.3089599609375,906.0509033203125,481.1003112792969,0.01596660539507866,0
26,902.3018188476562,448.48077392578125,932.7075805664062,570.2012329101562,0.015863850712776184,0
26,1000.4141235351562,414.7762756347656,1041.178466796875,521.3853759765625,0.015617947094142437,0
26,876.393310546875,489.75128173828125,906.0908203125,549.3450317382812,0.014843867160379887,0
26,1544.3206787109375,446.83905029296875,1581.911865234375,557.43896484375,0.014453821815550327,0
26,668.3199462890625,453.41693115234375,721.5852661132812,537.7503662109375,0.014119220897555351,0
26,434.42828369140625,546.9494018554688,514.5097045898438,626.4248657226562,0.014057189226150513,0
26,1734.531005859375,447.3587951660156,1778.19580078125,544.4595947265625,0.013820401392877102,0
26,587.772216796875,441.97393798828125,613.796630859375,492.20379638671875,0.013658016920089722,0
26,578.6905517578125,451.6377258300781,615.4866943359375,578.470458984375,0.01344092097133398,0
26,967.6915283203125,487.08599853515625,1010.458740234375,550.5573120117188,0.012955359183251858,0
26,324.0632629394531,454.0853576660156,363.3794860839844,567.6881713867188,0.01279390323907137,0
26,1009.1912841796875,413.8743896484375,1061.303955078125,528.2553100585938,0.011457790620625019,0
26,982.7091064453125,451.30810546875,1012.9822998046875,522.603515625,0.011202523484826088,0
26,549.1056518554688,462.6308898925781,581.6490478515625,536.06982421875,0.011065646074712276,0
26,1550.81982421875,456.7914733886719,1579.248779296875,555.9379272460938,0.01081398967653513,0
26,671.0513305664062,452.2682189941406,705.4558715820312,485.5892028808594,0.01076432503759861,0
26,1071.482177734375,441.78515625,1091.6512451171875,501.1300964355469,0.010568873956799507,0
26,546.8590087890625,438.6019592285156,586.3422241210938,509.0526123046875,0.010560349561274052,0
26,329.9805908203125,454.1924743652344,360.6876525878906,510.75018310546875,0.010543433018028736,0
26,680.1573486328125,505.6910095214844,724.6203002929688,649.4761352539062,0.010453487746417522,0
26,916.6326293945312,515.5718994140625,974.2659912109375,587.9461669921875,0.010405977256596088,0
26,1268.3931884765625,406.2930908203125,1345.410888671875,548.2261962890625,0.010372292250394821,0
26,1878.4053955078125,389.6759948730469,1919.2822265625,465.3712463378906,0.010033765807747841,0
26,463.6870422363281,451.4605407714844,574.7494506835938,630.9884643554688,0.010000258684158325,0
27,588.565673828125,443.3125305175781,687.8125,713.7821655273438,0.7290487289428711,0
27,1675.279541015625,412.5604248046875,1787.7249755859375,796.6580200195312,0.6655131578445435,0
27,468.9910583496094,444.4434814453125,581.1282958984375,732.589111328125,0.6225561499595642,0
27,1514.2012939453125,411.64764404296875,1728.364013671875,822.510498046875,0.5631758570671082,0
27,505.6793518066406,459.42535400390625,582.8502197265625,707.0167236328125,0.3788672387599945,0
27,720.927734375,456.089111328125,765.2288818359375,567.88671875,0.35588952898979187,0
27,671.4947509765625,447.87872314453125,729.514892578125,666.6099243164062,0.2987751066684723,0
27,1827.0440673828125,464.6508483886719,1897.927490234375,652.11181640625,0.2737639546394348,0
27,1417.4652099609375,443.4851989746094,1480.2740478515625,557.8173217773438,0.26966196298599243,0
27,1462.9530029296875,456.90234375,1492.7879638671875,554.9421997070312,0.2653290033340454,0
27,1250.9459228515625,442.07421875,1285.0712890625,540.3972778320312,0.24967485666275024,0
27,1078.583740234375,452.3901062011719,1132.5811767578125,594.6107788085938,0.21698398888111115,0
27,920.696044921875,431.5690612792969,972.886962890625,589.3518676757812,0.19780035316944122,0
27,1254.109130859375,440.3718566894531,1294.017333984375,545.2749633789062,0.19523900747299194,0
27,804.9127807617188,468.0498046875,834.3839721679688,548.8273315429688,0.14999447762966156,0
27,1431.0206298828125,438.6734619140625,1474.5999755859375,557.0641479492188,0.1465691179037094,0
27,690.8617553710938,450.83111572265625,730.2039794921875,526.424560546875,0.14471468329429626,0
27,932.7183837890625,433.203369140625,966.84521484375,518.8369140625,0.14111065864562988,0
27,1098.65771484375,450.816650390625,1135.2835693359375,577.4111938476562,0.1404016762971878,0
27,1577.8802490234375,409.21453857421875,1701.4925537109375,815.0000610351562,0.13059614598751068,0
27,677.9205932617188,449.5864562988281,732.9628295898438,598.01611328125,0.127664253115654,0
27,1851.9508056640625,468.45391845703125,1919.2918701171875,655.3670654296875,0.12428632378578186,0
27,1896.9620361328125,470.0888671875,1919.3521728515625,639.0388793945312,0.11986536532640457,0
27,681.4005126953125,449.48895263671875,729.9256591796875,566.2313232421875,0.11402442306280136,0
27,1852.7069091796875,517.8497314453125,1905.2611083984375,656.080810546875,0.1116708368062973,0
27,673.5698852539062,471.9979248046875,724.3003540039062,645.8880615234375,0.07445411384105682,0
27,834.0186767578125,470.2160339355469,869.4462890625,550.796142578125,0.07182668894529343,0
27,803.5872802734375,469.8899230957031,827.40673828125,539.9650268554688,0.07137184590101242,0
27,829.59619140625,473.86773681640625,863.0107421875,550.4214477539062,0.06853405386209488,0
27,362.86181640625,494.9944152832031,424.6564636230469,565.721435546875,0.06791513413190842,0
27,1871.9989013671875,454.38958740234375,1919.1573486328125,653.2630004882812,0.06723324954509735,0
27,419.28240966796875,489.8082580566406,455.97491455078125,544.5951538085938,0.06695740669965744,0
27,581.8855590820312,450.3945007324219,649.3672485351562,706.5654296875,0.06652890145778656,0
27,1545.4881591796875,458.1895751953125,1584.3043212890625,556.072998046875,0.0664435550570488,0
27,825.91845703125,472.4616394042969,852.0291137695312,549.381103515625,0.06507478654384613,0
27,716.8914184570312,462.4679260253906,773.7346801757812,600.0430297851562,0.06446150690317154,0
27,418.17041015625,500.00665283203125,454.4458923339844,556.0757446289062,0.060946110635995865,0
27,692.968505859375,449.8506774902344,729.3856201171875,496.9867858886719,0.058160215616226196,0
27,464.15093994140625,474.3836364746094,524.9331665039062,628.0358276367188,0.054712340235710144,0
27,1303.327880859375,416.92730712890625,1344.0732421875,547.58642578125,0.04873162880539894,0
27,1672.8497314453125,451.0562438964844,1792.6051025390625,726.7537231445312,0.04845203459262848,0
27,853.4996337890625,462.0178527832031,886.906494140625,548.08154296875,0.04740080609917641,0
27,299.9957275390625,481.8403015136719,340.9088134765625,566.7691650390625,0.04559443145990372,0
27,900.6646728515625,440.7611389160156,933.9375,582.7075805664062,0.04379657655954361,0
27,883.4920043945312,445.1428527832031,914.7697143554688,549.1937866210938,0.04379024729132652,0
27,410.26922607421875,469.6478576660156,434.0628662109375,509.7926330566406,0.04224612936377525,0
27,424.4680480957031,482.93408203125,473.1433410644531,565.4942016601562,0.04199357330799103,0
27,1061.7327880859375,454.4017639160156,1127.068115234375,594.96630859375,0.041682373732328415,0
27,915.2803344726562,482.50140380859375,974.7932739257812,588.5533447265625,0.04150811955332756,0
27,878.2805786132812,452.3070373535156,906.1862182617188,549.4359741210938,0.04117587208747864,0
27,401.83502197265625,478.9679260253906,432.55169677734375,536.913818359375,0.04097183048725128,0
27,1548.437255859375,473.70648193359375,1590.59912109375,627.2488403320312,0.040251076221466064,0
27,1836.662841796875,498.6268615722656,1905.815185546875,655.0155029296875,0.03948035091161728,0
27,303.5428161621094,460.63970947265625,344.3328552246094,567.9486694335938,0.038346633315086365,0
27,1021.238525390625,483.8288269042969,1054.17919921875,529.7926635742188,0.03821490332484245,0
27,1517.0313720703125,534.2724609375,1701.088623046875,811.8695068359375,0.036716919392347336,0
27,801.8518676757812,460.00634765625,829.198486328125,514.1426391601562,0.0333881713449955,0
27,1010.5751953125,482.90240478515625,1052.109375,527.7784423828125,0.03311401233077049,0
27,771.3380126953125,460.7553405761719,795.60498046875,494.2251892089844,0.0329122431576252,0
27,1065.375732421875,454.423828125,1095.0225830078125,566.8699951171875,0.03263368457555771,0
27,1536.3218994140625,434.6318664550781,1558.4454345703125,493.0534973144531,0.03259410336613655,0
27,1826.262451171875,527.048583984375,1871.627197265625,648.3477172851562,0.03145496919751167,0
27,1878.7401123046875,388.74884033203125,1919.3126220703125,637.3602905273438,0.03089047037065029,0
27,1538.66015625,438.3172302246094,1570.572509765625,535.4844360351562,0.03073972836136818,0
27,706.4953002929688,469.7017822265625,779.4091796875,644.7183837890625,0.03036467358469963,0
27,1062.2275390625,452.08685302734375,1105.99853515625,588.6165161132812,0.028964558616280556,0
27,1576.491943359375,413.6811218261719,1689.98583984375,663.15234375,0.028640098869800568,0
27,1821.397705078125,476.9524841308594,1885.256103515625,645.9368286132812,0.027694057673215866,0
27,1061.843994140625,456.46868896484375,1091.7802734375,521.8717651367188,0.027303753420710564,0
27,436.63677978515625,505.0192565917969,517.6973876953125,622.6000366210938,0.027168363332748413,0
27,728.9564819335938,450.9925231933594,763.6676025390625,486.3412170410156,0.026665188372135162,0
27,1003.9918212890625,456.2008056640625,1036.58056640625,522.7938842773438,0.026628023013472557,0
27,1019.314453125,462.34490966796875,1056.5833740234375,530.1155395507812,0.02635820582509041,0
27,703.4754638671875,467.2781982421875,764.3142700195312,604.8748168945312,0.025882437825202942,0
27,1054.9266357421875,478.96484375,1093.4249267578125,539.03173828125,0.025149237364530563,0
27,1429.031005859375,457.36358642578125,1485.02099609375,557.8693237304688,0.02361442707479,0
27,1469.1378173828125,459.3862609863281,1498.0399169921875,540.9659423828125,0.02284867689013481,0
27,406.86474609375,492.5321044921875,447.7423095703125,558.5042724609375,0.022595392540097237,0
27,1879.792236328125,488.2870788574219,1919.26904296875,653.44140625,0.022078443318605423,0
27,1843.7962646484375,468.0614318847656,1883.7008056640625,543.5515747070312,0.02150932140648365,0
27,1544.14599609375,423.50262451171875,1587.0487060546875,555.6630859375,0.020614035427570343,0
27,434.81451416015625,545.4559936523438,516.4134521484375,626.5867309570312,0.01998508721590042,0
27,883.9061889648438,444.7268371582031,905.8334350585938,482.3438415527344,0.019611554220318794,0
27,1201.609130859375,489.6998291015625,1219.3421630859375,521.6396484375,0.01949540339410305,0
27,1891.5400390625,429.2101135253906,1919.3460693359375,524.00830078125,0.019493406638503075,0
27,415.3106689453125,461.70281982421875,455.6378173828125,538.8378295898438,0.018720485270023346,0
27,574.5712890625,447.9185485839844,610.6527709960938,518.1412963867188,0.017967429012060165,0
27,876.0335083007812,483.87481689453125,905.6043090820312,548.9862670898438,0.0176995936781168,0
27,672.5995483398438,452.0185546875,701.6193237304688,486.44329833984375,0.01747955195605755,0
27,1050.82666015625,491.7223205566406,1093.3162841796875,570.1397705078125,0.017350606620311737,0
27,1882.3941650390625,393.9161682128906,1919.2496337890625,498.5700988769531,0.016649598255753517,0
27,548.2476196289062,453.38507080078125,582.397705078125,508.04718017578125,0.015640271827578545,0
27,576.8280029296875,450.38250732421875,615.3583984375,579.6890258789062,0.014844879508018494,0
27,901.7518310546875,436.47564697265625,961.2012329101562,555.5001220703125,0.014809530228376389,0
27,960.99169921875,498.56085205078125,1014.9404296875,586.3681640625,0.013298392295837402,0
27,964.6763305664062,505.97442626953125,1014.7022094726562,571.2965698242188,0.01309885736554861,0
27,551.1332397460938,471.66058349609375,581.5946655273438,532.3141479492188,0.013002841733396053,0
27,346.9983215332031,498.283447265625,417.6638488769531,566.5800170898438,0.012260137125849724,0
27,322.0530700683594,452.5752868652344,362.2093811035156,567.9974365234375,0.012156728655099869,0
27,1061.8516845703125,439.2292785644531,1084.68603515625,498.96990966796875,0.01193715538829565,0
27,466.0734558105469,465.6839904785156,571.7164916992188,633.3843994140625,0.011887657456099987,0
27,674.0792236328125,528.9735717773438,720.8853149414062,657.4876098632812,0.011440369300544262,0
27,589.072265625,441.60894775390625,614.4811401367188,493.152587890625,0.010440109297633171,0
27,1002.6573486328125,442.63165283203125,1051.045166015625,525.3380737304688,0.010171759873628616,0
28,593.0423583984375,443.3429260253906,690.1666870117188,714.2164916992188,0.7387259006500244,0
28,1682.3477783203125,410.48968505859375,1798.657470703125,795.0148315429688,0.6566367745399475,0
28,472.0767517089844,441.3128356933594,582.455810546875,734.5847778320312,0.6029818654060364,0
28,1535.8955078125,402.3849792480469,1706.7857666015625,830.074462890625,0.5829528570175171,0
28,1422.255615234375,437.3654479980469,1480.2308349609375,558.4794311523438,0.5526869297027588,0
28,1581.221923828125,401.4234924316406,1701.80712890625,826.7158813476562,0.41972899436950684,0
28,720.7903442382812,461.6309509277344,769.9966430664062,568.9223022460938,0.36275896430015564,0
28,506.3023681640625,449.7755126953125,582.9160766601562,706.9749755859375,0.3060600757598877,0
28,1077.67822265625,450.4559326171875,1134.2926025390625,594.2889404296875,0.2941731810569763,0
28,1251.224853515625,443.9040832519531,1281.5772705078125,540.08251953125,0.2576896548271179,0
28,672.474853515625,451.0895690917969,727.0772705078125,671.73291015625,0.24067671597003937,0
28,921.0169067382812,430.6934509277344,972.3864135742188,589.3623657226562,0.20345434546470642,0
28,1549.0731201171875,447.3695983886719,1586.4130859375,555.4480590820312,0.19741809368133545,0
28,1090.407470703125,448.2550964355469,1136.208740234375,581.9432983398438,0.18305091559886932,0
28,803.5245361328125,466.4284973144531,831.9716186523438,548.5712280273438,0.180916428565979,0
28,1257.211669921875,441.4033203125,1291.068603515625,545.284423828125,0.17590481042861938,0
28,1469.0142822265625,455.9751892089844,1497.128662109375,552.02783203125,0.1700780987739563,0
28,1832.2115478515625,457.8141174316406,1902.971923828125,652.8171997070312,0.14772847294807434,0
28,932.5325927734375,432.19952392578125,966.0335693359375,519.2872924804688,0.14494484663009644,0
28,1852.2257080078125,514.7864379882812,1905.1673583984375,655.2099609375,0.1399863362312317,0
28,717.58251953125,461.14141845703125,776.4840698242188,608.169677734375,0.12520475685596466,0
28,1473.5025634765625,457.3900451660156,1503.853759765625,537.6332397460938,0.11231710761785507,0
28,828.681884765625,471.56591796875,866.3243408203125,550.5565795898438,0.09692999720573425,0
28,673.7682495117188,464.5184326171875,726.441650390625,598.9141845703125,0.09654263406991959,0
28,691.796875,452.231689453125,727.7332763671875,512.025146484375,0.09220853447914124,0
28,1899.0333251953125,473.3130798339844,1919.337890625,638.2072143554688,0.09196486324071884,0
28,1864.32568359375,390.91351318359375,1919.300537109375,654.27978515625,0.08476913720369339,0
28,1306.4183349609375,419.3348693847656,1342.7794189453125,547.0790405273438,0.08393429964780807,0
28,709.131103515625,465.3362731933594,778.3316040039062,650.11474609375,0.07941050082445145,0
28,1537.792724609375,435.5559997558594,1578.2626953125,553.5767822265625,0.07917197048664093,0
28,680.4631958007812,450.6321105957031,729.1583862304688,571.151123046875,0.07846752554178238,0
28,1849.2315673828125,469.76055908203125,1919.2591552734375,654.1402587890625,0.07091180235147476,0
28,1008.6721801757812,453.4056701660156,1052.66357421875,526.604248046875,0.06692014634609222,0
28,357.6588439941406,498.25653076171875,424.3394470214844,565.9367065429688,0.06319833546876907,0
28,832.65673828125,467.3255310058594,875.88720703125,554.4459838867188,0.059582650661468506,0
28,419.3734130859375,500.82806396484375,455.458740234375,557.108642578125,0.057578809559345245,0
28,420.9136047363281,491.6107177734375,455.9054260253906,542.546875,0.053989872336387634,0
28,1666.1689453125,412.8472595214844,1839.350830078125,804.7692260742188,0.053645387291908264,0
28,1451.311279296875,452.28948974609375,1484.324462890625,556.96484375,0.051201071590185165,0
28,300.4671325683594,479.3104553222656,341.3910217285156,565.7330322265625,0.0499398335814476,0
28,853.4796752929688,462.82562255859375,885.8441162109375,549.5827026367188,0.04888796806335449,0
28,1550.4803466796875,460.87445068359375,1591.4176025390625,614.5032348632812,0.04885095730423927,0
28,882.0377197265625,445.3045349121094,913.08837890625,551.3963623046875,0.04468734189867973,0
28,586.0578002929688,450.1949157714844,645.8673706054688,706.1182861328125,0.04356583580374718,0
28,876.4088745117188,456.61578369140625,905.7141723632812,550.388671875,0.041764624416828156,0
28,409.6707763671875,470.1208190917969,434.89923095703125,509.1280517578125,0.040449358522892,0
28,694.2159423828125,450.7943115234375,728.8211059570312,493.80322265625,0.040258388966321945,0
28,1013.6251831054688,476.8472900390625,1052.784423828125,528.923583984375,0.039353515952825546,0
28,449.9068908691406,467.86505126953125,525.7489624023438,627.999755859375,0.03923679515719414,0
28,1537.174072265625,434.00994873046875,1557.197021484375,486.4443054199219,0.03718873858451843,0
28,1000.6838989257812,438.58026123046875,1049.959716796875,525.8402709960938,0.03503282740712166,0
28,438.0003662109375,508.0353698730469,519.1268920898438,622.3858032226562,0.03421929106116295,0
28,1200.6593017578125,488.76690673828125,1219.0938720703125,521.7420043945312,0.03260708227753639,0
28,900.605712890625,437.851318359375,934.154296875,584.1293334960938,0.0318400040268898,0
28,572.48974609375,444.183837890625,615.1824340820312,579.4186401367188,0.031408198177814484,0
28,571.5266723632812,445.1759033203125,611.6324462890625,514.2328491210938,0.029527630656957626,0
28,404.2936706542969,478.239990234375,436.43060302734375,528.832763671875,0.029299074783921242,0
28,436.3267822265625,544.8131713867188,517.3888549804688,626.0903930664062,0.028768010437488556,0
28,1066.56787109375,451.5746154785156,1092.8116455078125,564.6123657226562,0.028122762218117714,0
28,769.380615234375,460.203125,793.9423828125,495.3957214355469,0.027912475168704987,0
28,423.6398620605469,480.9460144042969,475.5390930175781,567.183349609375,0.027847109362483025,0
28,308.86346435546875,456.8940124511719,345.9452819824219,565.2017822265625,0.02760058455169201,0
28,1534.6353759765625,544.47509765625,1657.93505859375,818.3208618164062,0.027307502925395966,0
28,1059.6851806640625,454.23248291015625,1090.922119140625,524.328369140625,0.026380008086562157,0
28,1870.9801025390625,486.36822509765625,1919.2415771484375,653.21484375,0.02564256265759468,0
28,915.5971069335938,507.233642578125,974.7723999023438,588.8703002929688,0.025268426164984703,0
28,1825.8292236328125,506.2317810058594,1884.9847412109375,649.6573486328125,0.02434956468641758,0
28,1062.825439453125,449.102783203125,1106.8095703125,588.06591796875,0.023969637230038643,0
28,1891.0704345703125,400.1208190917969,1919.4195556640625,574.2948608398438,0.02395436353981495,0
28,1581.3189697265625,403.5209655761719,1698.503173828125,703.4898071289062,0.02189759537577629,0
28,729.3939208984375,451.0770263671875,762.6563110351562,484.4556884765625,0.020875930786132812,0
28,578.7407836914062,443.15533447265625,615.2927856445312,710.6376342773438,0.020668456330895424,0
28,1828.279541015625,523.2041625976562,1870.021728515625,648.01416015625,0.020595844835042953,0
28,1054.9998779296875,475.8164978027344,1094.168212890625,534.3340454101562,0.020124932751059532,0
28,1545.17431640625,408.853271484375,1590.345703125,554.548828125,0.017898794263601303,0
28,874.8587036132812,485.0254211425781,906.0221557617188,550.5144653320312,0.01743978075683117,0
28,882.6749267578125,445.06292724609375,906.5628662109375,488.4190979003906,0.017146388068795204,0
28,1059.29443359375,436.3200988769531,1082.817626953125,499.8807678222656,0.01670265942811966,0
28,668.831787109375,452.1104736328125,699.1182861328125,483.9495849609375,0.016463657841086388,0
28,1884.024169921875,393.4274597167969,1919.256591796875,502.0172424316406,0.016371896490454674,0
28,1481.643310546875,451.94598388671875,1510.1839599609375,535.0486450195312,0.01636708900332451,0
28,673.0294189453125,524.6675415039062,720.6461791992188,685.304443359375,0.016245462000370026,0
28,547.5645141601562,448.9318542480469,583.0617065429688,506.3133544921875,0.015266775153577328,0
28,1004.32177734375,413.86029052734375,1057.178466796875,528.4362182617188,0.015114443376660347,0
28,416.1280517578125,464.3004455566406,453.50390625,530.5668334960938,0.014823785051703453,0
28,1460.9644775390625,443.3030090332031,1491.5728759765625,553.1525268554688,0.014381558634340763,0
28,1050.10107421875,486.66668701171875,1093.792236328125,580.40185546875,0.014292476698756218,0
28,1071.401611328125,439.7004089355469,1092.26513671875,500.3780822753906,0.01388330478221178,0
28,620.126220703125,457.72174072265625,689.62060546875,713.6453857421875,0.013722822070121765,0
28,1846.4351806640625,470.3819580078125,1882.2791748046875,532.2108154296875,0.013522819615900517,0
28,586.4295654296875,439.03729248046875,614.6206665039062,495.4119873046875,0.013345626182854176,0
28,551.3450927734375,456.41229248046875,583.4140014648438,540.3369140625,0.013196305371820927,0
28,681.5690307617188,504.96917724609375,723.5181274414062,646.7801513671875,0.012600335292518139,0
28,899.9961547851562,434.53802490234375,965.7940063476562,557.7388916015625,0.011918745003640652,0
28,963.9548950195312,440.13519287109375,994.7265014648438,518.5856323242188,0.011193020269274712,0
28,405.09063720703125,498.8321228027344,441.50189208984375,558.8656005859375,0.010788281448185444,0
28,1102.037841796875,452.5834655761719,1145.4205322265625,543.8843994140625,0.010660257190465927,0
29,594.4005126953125,443.61907958984375,691.1043701171875,714.1041870117188,0.7304754257202148,0
29,1681.03271484375,423.9128723144531,1816.836181640625,802.404052734375,0.7144381999969482,0
29,1551.9151611328125,392.6454162597656,1712.4385986328125,828.9326171875,0.703635573387146,0
29,474.57012939453125,442.23541259765625,584.3558349609375,733.4368896484375,0.5852968692779541,0
29,1427.8721923828125,435.85418701171875,1481.40625,558.04248046875,0.5399502515792847,0
29,506.4053649902344,449.943603515625,584.6732177734375,706.1489868164062,0.35781872272491455,0
29,721.059814453125,460.2571105957031,771.6069946289062,572.7141723632812,0.3502521514892578,0
29,1079.7989501953125,451.9446716308594,1133.7337646484375,594.5848388671875,0.3131643235683441,0
29,1251.1187744140625,443.6554870605469,1281.323486328125,541.569091796875,0.22521036863327026,0
29,1551.1143798828125,456.5242614746094,1588.272705078125,559.2446899414062,0.21627838909626007,0
29,919.2626953125,432.5452880859375,972.8258056640625,589.3348388671875,0.20271988213062286,0
29,1831.0506591796875,461.8164367675781,1898.0496826171875,652.779296875,0.18560537695884705,0
29,671.8053588867188,450.815185546875,729.0509033203125,674.28173828125,0.17608806490898132,0
29,718.6937866210938,460.0062561035156,779.3340454101562,627.6849975585938,0.17363564670085907,0
29,803.73779296875,466.42401123046875,832.0775756835938,548.3184814453125,0.17001354694366455,0
29,1257.7884521484375,442.4392395019531,1292.4825439453125,547.1969604492188,0.1620711088180542,0
29,932.297607421875,434.9881896972656,965.783203125,518.1063232421875,0.1177327111363411,0
29,1851.4835205078125,472.5401916503906,1919.3658447265625,655.3251342773438,0.11442117393016815,0
29,1851.87939453125,512.0712890625,1905.644287109375,655.5211181640625,0.11026861518621445,0
29,1854.7904052734375,391.32928466796875,1919.22265625,655.959228515625,0.10992060601711273,0
29,690.673095703125,451.8247375488281,727.4437866210938,522.4810791015625,0.10254690796136856,0
29,1008.220458984375,455.23370361328125,1052.49609375,527.1570434570312,0.0997425839304924,0
29,1542.1195068359375,438.47515869140625,1587.771728515625,555.8043823242188,0.0990210548043251,0
29,1469.351806640625,450.4566650390625,1497.32666015625,555.8193969726562,0.09616834670305252,0
29,681.3235473632812,450.2095642089844,730.0951538085938,573.5435180664062,0.09138760715723038,0
29,1476.9320068359375,454.2490539550781,1504.1331787109375,536.3095703125,0.0886068120598793,0
29,827.31005859375,469.5802001953125,857.1448974609375,549.7646484375,0.08728229254484177,0
29,830.945068359375,469.1155090332031,870.242431640625,550.7588500976562,0.08456825464963913,0
29,673.8287353515625,459.1893310546875,728.550537109375,603.0146484375,0.08369661867618561,0
29,1897.5054931640625,471.0355224609375,1919.2957763671875,638.7086791992188,0.08218025416135788,0
29,1552.4036865234375,467.8808898925781,1590.78076171875,588.352294921875,0.0797974169254303,0
29,1306.3748779296875,419.1700744628906,1342.4697265625,547.4658203125,0.06391385942697525,0
29,1536.605712890625,436.3470153808594,1566.990234375,555.9818725585938,0.06349517405033112,0
29,708.3533935546875,462.4314880371094,775.2394409179688,606.0780639648438,0.06179698184132576,0
29,1015.2658081054688,466.3703918457031,1053.982666015625,529.4739379882812,0.058196794241666794,0
29,1063.6131591796875,452.70550537109375,1128.3619384765625,594.5673828125,0.054817814379930496,0
29,1093.917236328125,442.1087951660156,1136.8538818359375,581.2041015625,0.05216171592473984,0
29,358.8397521972656,498.2032470703125,425.51220703125,567.090087890625,0.0518982820212841,0
29,420.41339111328125,491.0937194824219,456.0634765625,542.5969848632812,0.049278624355793,0
29,1537.73779296875,434.05902099609375,1559.2420654296875,486.61614990234375,0.04861612990498543,0
29,419.3577575683594,500.6070861816406,456.8147277832031,556.9465942382812,0.046373479068279266,0
29,1822.755615234375,488.84912109375,1880.722412109375,646.9967651367188,0.046266939491033554,0
29,673.90087890625,475.47784423828125,724.2969970703125,642.2337036132812,0.04414898157119751,0
29,855.07177734375,462.8229675292969,887.5535888671875,549.6132202148438,0.041138481348752975,0
29,569.4624633789062,446.2162170410156,610.9232177734375,536.5816650390625,0.04077165573835373,0
29,881.7693481445312,445.6700134277344,913.1532592773438,550.2184448242188,0.03953108564019203,0
29,409.3574523925781,469.8099060058594,434.83154296875,509.1125793457031,0.03762651979923248,0
29,571.1591186523438,445.253173828125,612.2613525390625,578.9273071289062,0.03728510066866875,0
29,1060.466796875,454.64935302734375,1092.0645751953125,534.8722534179688,0.034805890172719955,0
29,876.0164794921875,457.53515625,906.1798095703125,549.4764404296875,0.03471466526389122,0
29,712.32080078125,469.30499267578125,785.0233764648438,652.9879760742188,0.03392898663878441,0
29,901.1732177734375,439.17919921875,934.6251220703125,585.4506225585938,0.03317192569375038,0
29,1826.3365478515625,520.5889892578125,1863.95263671875,645.6436157226562,0.032429371029138565,0
29,421.6688232421875,480.5744323730469,475.060546875,563.2647705078125,0.03075522370636463,0
29,692.5581665039062,450.5600280761719,728.7586669921875,495.3252868652344,0.029647741466760635,0
29,662.3289184570312,449.962646484375,718.1923828125,709.531494140625,0.029472382739186287,0
29,914.5929565429688,511.57720947265625,975.0591430664062,588.8783569335938,0.028928278014063835,0
29,1066.2821044921875,452.6100769042969,1093.4425048828125,572.0980834960938,0.02881309948861599,0
29,1444.9915771484375,437.3264465332031,1487.29443359375,555.3356323242188,0.027308199554681778,0
29,402.1152038574219,478.3157043457031,435.65966796875,528.6769409179688,0.026521535590291023,0
29,1200.3590087890625,489.274658203125,1218.8182373046875,521.4600219726562,0.026422759518027306,0
29,1056.1058349609375,476.8757629394531,1094.3895263671875,536.1744384765625,0.025247668847441673,0
29,1551.8995361328125,451.39306640625,1599.2139892578125,609.0196533203125,0.0250721238553524,0
29,588.4288940429688,448.80999755859375,644.509521484375,706.7039794921875,0.024939686059951782,0
29,300.79046630859375,481.45587158203125,341.4876708984375,565.6849365234375,0.02396032214164734,0
29,769.3216552734375,460.681640625,794.0593872070312,497.22894287109375,0.023358067497611046,0
29,1062.11572265625,450.8170166015625,1105.2322998046875,589.4546508789062,0.023001842200756073,0
29,1889.1475830078125,401.8101501464844,1919.468017578125,614.468994140625,0.02262684889137745,0
29,306.20751953125,463.654296875,343.76593017578125,566.2190551757812,0.022024426609277725,0
29,1050.60107421875,485.6385498046875,1094.5723876953125,587.4977416992188,0.021054275333881378,0
29,1000.1054077148438,420.28118896484375,1041.6376953125,523.0931396484375,0.01898081600666046,0
29,729.2369384765625,451.2840270996094,762.430908203125,483.2661437988281,0.017977140843868256,0
29,1679.7078857421875,438.1707458496094,1710.154296875,488.6012878417969,0.01795724220573902,0
29,439.52801513671875,508.8114013671875,521.2055053710938,620.0152587890625,0.016385916620492935,0
29,1882.376953125,392.06103515625,1919.2781982421875,501.89080810546875,0.01580795645713806,0
29,1058.6641845703125,437.14910888671875,1081.616455078125,499.7963562011719,0.015292669646441936,0
29,873.8838500976562,484.14935302734375,905.888671875,549.7950439453125,0.014998001046478748,0
29,545.0952758789062,446.69439697265625,584.1104736328125,508.80743408203125,0.01477106474339962,0
29,416.1300964355469,463.5989074707031,454.0149841308594,530.62060546875,0.01434632483869791,0
29,964.3824462890625,505.8053283691406,1016.7185668945312,573.70556640625,0.013355204835534096,0
29,882.9585571289062,445.3197326660156,906.6163330078125,485.0871276855469,0.013239437714219093,0
29,437.7248840332031,545.512939453125,520.5853881835938,624.7635498046875,0.01306874305009842,0
29,671.1756591796875,541.8069458007812,720.6251220703125,679.8975830078125,0.012879996560513973,0
29,297.9456787109375,453.03533935546875,337.3318176269531,565.1786499023438,0.011760418303310871,0
29,1697.763427734375,434.34332275390625,1744.19384765625,510.7593688964844,0.011730927973985672,0
29,1486.3173828125,452.30474853515625,1507.3624267578125,532.3646850585938,0.011700781993567944,0
29,1071.5791015625,440.1475524902344,1092.1429443359375,501.45465087890625,0.01167005393654108,0
29,1157.1888427734375,436.5706787109375,1186.9427490234375,523.4236450195312,0.0113911684602499,0
29,1438.541015625,427.5091552734375,1477.0784912109375,554.4310913085938,0.011231960728764534,0
29,1847.038330078125,469.8095397949219,1882.2359619140625,528.3095092773438,0.011138099245727062,0
29,1680.4970703125,436.77130126953125,1712.6243896484375,565.8109130859375,0.011041459627449512,0
29,1694.0255126953125,437.7681884765625,1797.2801513671875,677.0094604492188,0.010552823543548584,0
29,545.4523315429688,448.2358703613281,585.2325439453125,562.4110717773438,0.010177114978432655,0
29,610.1790161132812,530.806640625,692.6643676757812,713.1245727539062,0.010008089244365692,0
30,595.4610595703125,443.47283935546875,692.58935546875,714.8551025390625,0.7479496002197266,0
30,1581.5958251953125,390.24224853515625,1726.9339599609375,828.0822143554688,0.7467043399810791,0
30,476.60760498046875,442.3594665527344,585.9356689453125,734.0357666015625,0.6443516612052917,0
30,1672.9871826171875,430.76531982421875,1839.44580078125,800.8771362304688,0.6397409439086914,0
30,1433.4632568359375,432.30267333984375,1481.3438720703125,557.6023559570312,0.5942239761352539,0
30,722.6422729492188,457.7580871582031,766.98046875,573.2798461914062,0.36478307843208313,0
30,503.0867919921875,450.0376281738281,586.2979736328125,709.5247802734375,0.31266844272613525,0
30,1083.860595703125,447.7997131347656,1136.820556640625,594.7930908203125,0.31007301807403564,0
30,1551.5057373046875,467.1881103515625,1591.0751953125,558.2100219726562,0.21200306713581085,0
30,919.2894897460938,432.5411682128906,972.7094116210938,589.1820068359375,0.21069587767124176,0
30,1479.27392578125,450.210693359375,1504.8673095703125,535.311767578125,0.2048155963420868,0
30,1251.2200927734375,442.171875,1282.1026611328125,542.1940307617188,0.1989762783050537,0
30,803.7362060546875,465.6958923339844,833.224609375,547.7869873046875,0.19276399910449982,0
30,1833.2918701171875,431.73468017578125,1912.9793701171875,654.1192016601562,0.19097201526165009,0
30,1849.705810546875,385.9926452636719,1919.40234375,656.5834350585938,0.18915432691574097,0
30,719.9351806640625,457.22662353515625,773.7485961914062,593.4173583984375,0.15184122323989868,0
30,691.5433959960938,449.9344482421875,730.2196655273438,545.9967041015625,0.14911042153835297,0
30,671.783203125,448.7637634277344,731.8159790039062,675.7284545898438,0.1430124044418335,0
30,1257.26513671875,440.9317321777344,1293.3392333984375,547.1497192382812,0.1370031237602234,0
30,684.1885375976562,448.10760498046875,732.6468505859375,573.1843872070312,0.13234275579452515,0
30,931.6343994140625,434.1233825683594,966.0494384765625,519.92529296875,0.12586279213428497,0
30,1007.6054077148438,454.9009094238281,1051.0819091796875,525.8485717773438,0.12423272430896759,0
30,1075.380859375,454.1437072753906,1128.203857421875,595.7599487304688,0.10467517375946045,0
30,1889.0947265625,478.8426818847656,1919.27197265625,652.2385864257812,0.08731811493635178,0
30,832.6290893554688,468.81939697265625,872.1608276367188,550.10009765625,0.07849935442209244,0
30,801.4660034179688,459.730224609375,830.5310668945312,527.1860961914062,0.07779296487569809,0
30,1455.9053955078125,439.68035888671875,1497.1761474609375,555.5274047851562,0.07628223299980164,0
30,673.5772705078125,452.057373046875,731.7478637695312,600.198486328125,0.07540663331747055,0
30,826.78857421875,468.8313903808594,853.927001953125,549.07861328125,0.07190091907978058,0
30,1896.918212890625,463.9779968261719,1919.260009765625,638.1625366210938,0.06748580932617188,0
30,673.7380981445312,489.43817138671875,726.114501953125,687.8677978515625,0.06722122430801392,0
30,1536.8895263671875,435.04815673828125,1559.3726806640625,487.0289611816406,0.06585127115249634,0
30,1853.4793701171875,537.6394653320312,1905.995849609375,655.2574462890625,0.06277719885110855,0
30,417.1271667480469,486.719970703125,455.4866638183594,550.1757202148438,0.06160484254360199,0
30,1305.0098876953125,422.7619934082031,1343.7000732421875,547.14599609375,0.05777668580412865,0
30,706.4714965820312,457.9076843261719,781.2322998046875,655.14794921875,0.05567105859518051,0
30,357.14208984375,497.7966613769531,424.9097900390625,567.2080688476562,0.05263685807585716,0
30,852.4046630859375,463.5480041503906,885.7413940429688,549.6166381835938,0.05196589231491089,0
30,572.0740356445312,446.3866882324219,610.197509765625,539.279541015625,0.0517304502427578,0
30,1547.8568115234375,429.25103759765625,1591.6212158203125,558.1571044921875,0.049046408385038376,0
30,572.7601318359375,445.72998046875,612.2017822265625,580.7861938476562,0.04789881408214569,0
30,1884.7525634765625,389.70648193359375,1919.3697509765625,634.8203125,0.047115880995988846,0
30,417.91748046875,499.5439453125,456.4410400390625,557.3010864257812,0.04542185366153717,0
30,409.5615539550781,469.6802673339844,437.1930847167969,510.4355163574219,0.04485182464122772,0
30,1534.6766357421875,438.659912109375,1563.4036865234375,536.0036010742188,0.042400091886520386,0
30,1543.2386474609375,440.64495849609375,1585.031005859375,554.578125,0.03967069089412689,0
30,692.7228393554688,448.9617004394531,730.73095703125,505.8807678222656,0.036750201135873795,0
30,307.7187194824219,456.59283447265625,344.5246887207031,566.4271850585938,0.03624986112117767,0
30,1708.383544921875,440.59454345703125,1809.8624267578125,664.7213134765625,0.033560123294591904,0
30,405.03948974609375,476.0021667480469,441.658935546875,529.0459594726562,0.033372800797224045,0
30,873.4301147460938,468.2333679199219,905.2311401367188,549.1009521484375,0.03305773064494133,0
30,884.3161010742188,445.30938720703125,914.7279052734375,551.797119140625,0.03231412544846535,0
30,999.3770141601562,420.3143310546875,1037.416015625,521.7291259765625,0.03189050778746605,0
30,900.7044677734375,438.0509338378906,934.2235717773438,585.04443359375,0.03184719383716583,0
30,1061.8209228515625,454.6365966796875,1091.4232177734375,530.8991088867188,0.03041187860071659,0
30,1871.950927734375,387.0081481933594,1919.0595703125,651.5636596679688,0.03003280982375145,0
30,1856.019287109375,495.6158752441406,1919.303466796875,653.9500732421875,0.028234342113137245,0
30,1820.956787109375,495.8290100097656,1895.9307861328125,647.6329345703125,0.027117591351270676,0
30,1674.4420166015625,413.09271240234375,1768.6387939453125,805.9922485351562,0.026756420731544495,0
30,705.9735107421875,464.1074523925781,750.6873168945312,598.7490844726562,0.025738224387168884,0
30,418.85943603515625,480.71099853515625,477.52587890625,560.0293579101562,0.025619186460971832,0
30,900.7822265625,436.16705322265625,959.861572265625,588.53076171875,0.02427702397108078,0
30,1837.9302978515625,513.0762329101562,1909.2198486328125,655.8662719726562,0.024229303002357483,0
30,766.993896484375,459.702880859375,791.503662109375,496.6861572265625,0.024189189076423645,0
30,877.767333984375,450.40228271484375,907.3623046875,547.9469604492188,0.023804793134331703,0
30,1200.3292236328125,488.9577941894531,1219.0609130859375,521.6717529296875,0.023712940514087677,0
30,1057.3575439453125,482.6276550292969,1093.5135498046875,532.2039794921875,0.022682415321469307,0
30,729.6396484375,450.54779052734375,761.4970703125,482.61944580078125,0.021523525938391685,0
30,415.6493225097656,463.36737060546875,453.5966491699219,525.406494140625,0.020529592409729958,0
30,1064.107421875,448.654541015625,1105.3109130859375,588.465087890625,0.02050924487411976,0
30,672.1323852539062,451.3305358886719,731.0672607421875,557.5252685546875,0.019584424793720245,0
30,828.0999755859375,460.25299072265625,863.7451171875,549.5385131835938,0.018013838678598404,0
30,439.4951477050781,546.0763549804688,516.9652099609375,624.756591796875,0.017459621652960777,0
30,1059.4908447265625,436.6006164550781,1081.848388671875,500.9993591308594,0.01679377816617489,0
30,674.5142822265625,507.2618408203125,724.0676879882812,645.0191040039062,0.01636900193989277,0
30,1881.7369384765625,390.52294921875,1919.2193603515625,498.3185119628906,0.01636686734855175,0
30,298.3604431152344,453.7535705566406,336.5794982910156,564.8377685546875,0.015317483805119991,0
30,545.8819580078125,447.6996765136719,585.0894165039062,509.5309143066406,0.01497252844274044,0
30,1488.81640625,447.1904602050781,1517.9488525390625,540.2982177734375,0.014862244948744774,0
30,1071.3509521484375,439.4682312011719,1091.9166259765625,499.6725769042969,0.014719530008733273,0
30,882.9398803710938,444.35302734375,908.0066528320312,498.3452453613281,0.013315747492015362,0
30,1050.5635986328125,493.4070739746094,1093.2711181640625,587.9522705078125,0.013259056024253368,0
30,673.7896728515625,540.0357055664062,720.1657104492188,701.8495483398438,0.01303732767701149,0
30,1824.6331787109375,530.9107055664062,1874.6202392578125,645.813232421875,0.012394304387271404,0
30,1512.8995361328125,439.8600769042969,1542.51025390625,485.5044250488281,0.012348318472504616,0
30,1554.0596923828125,464.0008850097656,1597.8321533203125,601.669189453125,0.01147136464715004,0
30,1004.6618041992188,413.0759582519531,1058.980712890625,528.0302734375,0.01133666466921568,0
30,590.7211303710938,449.5729064941406,644.9309692382812,706.629150390625,0.011231161653995514,0
30,963.8391723632812,505.691162109375,1016.4406127929688,575.11328125,0.010794130153954029,0
30,394.94732666015625,494.851318359375,443.9256591796875,561.4572143554688,0.010579679161310196,0
30,988.2449340820312,445.2503356933594,1018.3494873046875,520.16259765625,0.010387108661234379,0
30,462.69854736328125,450.7581787109375,492.6166076660156,534.1944580078125,0.010361744090914726,0
